"","ï..Sample","site","treatment","burn.year","year","label","X2016_plant_cover","X2016_plant_density","X2017_plant_cover","X2017_plant_density","X2018_plant_cover","X2018_plant_density","nh4_summer17","nh4_winter18","Mg","K","Ca","Na","P","DOC_summer17","DOC_winter18","NO3_summer17","NO3_winter18","CN_ratio","pH_summer17","pH_winter18","PO4","Sand","Silt","Clay","wc_summer17","om_summer17","wc_winter18","om_winter18","P_winter2017","P_spring2017","P_summer2017","P_fall2017","P_winter2018","P_spring2018","P_summer2018","P_fall2018","P_winter2019","P_spring2019","P_summer2019","P_fall2019","Tavg_winter2020","P_spring2020","P_winter2017.1","Tavg_spring2017","Tavg_summer2017","Tavg_fall2017","Tavg_winter2018","Tavg_spring2018","Tavg_summer2018","Tavg_fall2018","Tavg_winter2019","Tavg_spring2019","Tavg_summer2019","Tavg_fall2019","Tavg_winter2020.1","Tavg_spring2020","Tmax_winter2017","TMax_spring2017","TMax_summer2017","TMax_fall2017","TMax_winter2018","TMax_spring2018","TMax_summer2018","TMax_fall2018","TMax_winter2019","TMax_spring2019","TMax_summer2019","TMax_fall2019","TMax_winter2020","TMax_spring2020","TMin_winter2017","TMin_spring2017","TMin_summer2017","TMin_fall2017","TMin_winter2018","TMin_spring2018","TMin_summer2018","TMin_fall2018","TMin_winter2019","TMin_spring2019","TMin_summer2019","TMin_fall2019","TMin_winter2020","TMin_spring2020","Methanosarcina","Acidobacterium","Terriglobus","Candidatus.Solibacter","Candidatus.Koribacter","Acidothermus","Actinosynnema","Beutenbergia","Catenulispora","Cellulomonas","Corynebacterium","Frankia","Geodermatophilus","Stackebrandtia","Gordonia","Intrasporangium","Janibacter","Kineococcus","Clavibacter","Leifsonia","Arthrobacter","Renibacterium","Micromonospora","Salinispora","Mycobacterium","Nakamurella","Nocardia","Rhodococcus","Aeromicrobium","Kribbella","Nocardioides","Nocardiopsis","Thermobifida","Xylanimonas","Propionibacterium","Amycolatopsis","Saccharomonospora","Saccharopolyspora","Thermobispora","Sanguibacter","Streptomyces","Streptosporangium","Thermomonospora","Tsukamurella","Rubrobacter","Conexibacter","unclassified..derived.from.Actinobacteria..class..","Bacteroides","Cytophaga","Dyadobacter","Spirosoma","Flavobacterium","Gramella","Rhodothermus","Salinibacter","Mucilaginibacter","Pedobacter","Chitinophaga","Chlorobium","Chloroflexus","Roseiflexus","Herpetosiphon","Ktedonobacter","Sphaerobacter","Thermomicrobium","Gloeobacter","Cyanothece","Microcystis","Synechococcus","Synechocystis","Thermosynechococcus","Anabaena","Nodularia","Nostoc","Arthrospira","Lyngbya","Microcoleus","Oscillatoria","Trichodesmium","Acaryochloris","Deinococcus","Meiothermus","Thermus","Bacillus","Geobacillus","Paenibacillus","Clostridium","Thermaerobacter","Symbiobacterium","Moorella","Gemmatimonas","Nitrospira","Blastopirellula","Gemmata","Pirellula","Planctomyces","Rhodopirellula","Brevundimonas","Caulobacter","Phenylobacterium","Aurantimonas","Beijerinckia","Methylocella","Bradyrhizobium","Nitrobacter","Oligotropha","Rhodopseudomonas","Brucella","Ochrobactrum","Methylobacterium","Methylosinus","Chelativorans","Mesorhizobium","Parvibaculum","Agrobacterium","Rhizobium","Sinorhizobium","Azorhizobium","Starkeya","Xanthobacter","Rhodobacter","Roseobacter","Ruegeria","Acidiphilium","Gluconacetobacter","Gluconobacter","Granulibacter","Roseomonas","Azospirillum","Magnetospirillum","Rhodospirillum","Erythrobacter","Citromicrobium","Novosphingobium","Sphingobium","Sphingomonas","Sphingopyxis","Zymomonas","unclassified..derived.from.Alphaproteobacteria.","Achromobacter","Bordetella","Burkholderia","Cupriavidus","Ralstonia","Acidovorax","Albidiferax","Delftia","Polaromonas","Variovorax","Verminephrobacter","Herbaspirillum","Herminiimonas","Janthinobacterium","Leptothrix","Methylibium","Nitrosomonas","Nitrosospira","Aromatoleum","Azoarcus","Dechloromonas","Desulfovibrio","Geobacter","Pelobacter","Stigmatella","Haliangium","Anaeromyxobacter","Myxococcus","Sorangium","Syntrophobacter","Shewanella","Nitrosococcus","Pseudomonas","unclassified..derived.from.Gammaproteobacteria.","Xanthomonas","Thermobaculum","Opitutus","Chthoniobacter","Methylacidiphilum","unclassified..derived.from.Verrucomicrobia.subdivision.3.","Verrucomicrobium","Phaeosphaeria","Pyrenophora","Aspergillus","Emericella","Neosartorya","Penicillium","Talaromyces","Ajellomyces","Arthroderma","Uncinocarpus","Coccidioides","Botryotinia","Sclerotinia","Gibberella","Magnaporthe","Podospora","Neurospora","Physcomitrella","Syntrichia","Microvirus"
"1","bsc1","pgw","burn",2017,2018,"pgwburn",3.65064695,11.76155268,4.634863702,22.29842181,27.49222798,6.419689119,0.790076406,1.032500057,0.922794074,1.325309055,0.858654586,0.182541139,0.136923524,0.337523444,0.700351503,0.666509224,0.556643872,11.47078314,5.539,5.724,22.19333296,20.46174941,49.79711026,29.74114034,4.807074012,5.74773013,7.197075194,6.840936885,5.105,0.23,0,0.206666667,0.52,0.676666667,0,0.666666667,4.296666667,0.723333333,0.106666667,0.85,1.413333333,1.923333333,53.4,61.05,70.26666667,68.33333333,60.4,57.6,69.63333333,65.43333333,53.16666667,56.5,67.8,67.3,56.16666667,58.93333333,58.05,68.05,79.03333333,75.23333333,66.8,64.36666667,77.93333333,72.4,58.03333333,62.43333333,75.43333333,74.7,61.8,65.3,48.7,54.05,61.43333333,61.36666667,54,50.9,61.33333333,58.5,48.3,50.6,60.13333333,59.8,50.56666667,52.66666667,0.000710591,0.008329424,0.00318638,0.025174378,0.010573256,0.006359282,0.003744702,0.001990783,0.004150754,0.001731361,0.003000273,0.026082807,0.067018545,0.002278403,0.00116176,0.002503987,0.002887481,0.010124456,0.004387617,0.00246451,0.008657818,0.000755708,0.013736457,0.020402196,0.02554648,0.004957218,0.005199721,0.015345438,0.001556533,0.006249817,0.016998183,0.001522695,0.005143325,0.000986932,0.001488857,0.007617987,0.002673176,0.012718507,0.002278403,0.001387344,0.044755616,0.005374549,0.003592432,0.000907977,0.005459144,0.016768312,0.001793396,0.004342501,0.003964647,0.00347964,0.005639611,0.004314303,0.001861072,0.001195598,0.000964374,0.003248416,0.006479688,0.014360311,0.001291471,0.00174264,0.005154605,0.001280192,0.00304539,0.002374276,0.001048968,0.001674965,0.002628059,0.000372214,0.002092296,0.000514333,0.000437634,0.001150481,0.000164113,0.002515267,0.000142118,0.000262806,0.000492338,0.000360935,0.000404924,0.000525612,0.002549104,0.000930536,0.000688033,0.004522968,0.001533974,0.001674965,0.003434523,0.000840302,0.000964374,0.000710591,0.010474732,0.000755708,0.002154331,0.003022832,0.00174264,0.004116916,0.003129984,0.001347867,0.006764262,0.003011552,0.000964374,0.00130275,0.001804676,0.017501631,0.005058731,0.00101513,0.010157334,0.001291471,0.001048968,0.024430062,0.000964374,0.002199448,0.005058731,0.001573452,0.002233286,0.006260758,0.005273036,0.00202462,0.001584731,0.003778539,0.001894909,0.00144374,0.001291471,0.004365059,0.002278403,0.001139201,0.003434523,0.004235348,0.002864922,0.004342501,0.004150754,0.007158302,0.001387344,0.005976183,0.009938405,0.015816064,0.006994077,0.002267124,0.002487069,0.001235075,0.002537825,0.014710587,0.005154605,0.003096147,0.004872624,0.002560383,0.00101513,0.00651251,0.002661896,0.001906189,0.002385556,0.002165611,0.003513478,0.001770838,0.002582942,0.00100949,0.002351718,0.001753919,0.001060247,0.001212516,0.00174264,0.006523451,0.001663685,0.006643857,0.001314029,0.005921423,0.006271699,0.003863134,0.000941815,0.001607289,0.001477578,0.006873671,0.000800825,0.002503987,0.00159601,0.002047179,0.002571663,0.00031751,0.002515267,0.000941815,0.000851581,0.000492338,0.000470908,9.86932e-05,0.000733149,0.000218817,0.000120124,9.86932e-05,0.000131403,5.47042e-05,0.000153397,0.000109408,9.86932e-05,0.000416203,0.000142118,0.000230096,0.000360935,0.000109408,0,0.033547565
"2","bsc2","pgw","burn",2017,2018,"pgwburn",3.65064695,11.76155268,4.634863702,22.29842181,27.49222798,6.419689119,0.790076406,1.032500057,0.922794074,1.325309055,0.858654586,0.182541139,0.136923524,0.337523444,0.700351503,0.666509224,0.556643872,11.47078314,5.539,5.724,22.19333296,20.46174941,49.79711026,29.74114034,4.807074012,5.74773013,7.197075194,6.840936885,5.105,0.23,0,0.206666667,0.52,0.676666667,0,0.666666667,4.296666667,0.723333333,0.106666667,0.85,1.413333333,1.923333333,53.4,61.05,70.26666667,68.33333333,60.4,57.6,69.63333333,65.43333333,53.16666667,56.5,67.8,67.3,56.16666667,58.93333333,58.05,68.05,79.03333333,75.23333333,66.8,64.36666667,77.93333333,72.4,58.03333333,62.43333333,75.43333333,74.7,61.8,65.3,48.7,54.05,61.43333333,61.36666667,54,50.9,61.33333333,58.5,48.3,50.6,60.13333333,59.8,50.56666667,52.66666667,0.000884346,0.009610473,0.003954812,0.025460808,0.007873452,0.004559684,0.007454719,0.002021743,0.004652727,0.001989779,0.002490553,0.024463042,0.018626437,0.002154928,0.001049495,0.002280122,0.002450598,0.007666669,0.002583783,0.001504987,0.005950318,0.000599331,0.01284156,0.01655339,0.021237149,0.004363237,0.004337372,0.012474503,0.001281237,0.006503488,0.012200516,0.00177402,0.003505048,0.000905656,0.00155027,0.011342327,0.005035286,0.016584422,0.00217091,0.001169361,0.045736391,0.005019784,0.00309665,0.00078579,0.005360976,0.011931669,0.000916311,0.002653039,0.002482562,0.002330732,0.004022017,0.002407979,0.000863037,0.001049495,0.000889674,0.002290776,0.003846267,0.006084755,0.001241281,0.002197547,0.005185226,0.001763365,0.008633404,0.002578455,0.000972248,0.003644652,0.021681746,0.0021203,0.005971015,0.003494713,0.001691445,0.024633652,0.004166789,0.051417889,0.001598216,0.002869198,0.018967656,0.00582627,0.006291538,0.002384006,0.002301431,0.001065477,0.000735179,0.004492479,0.001390448,0.00140643,0.002352041,0.000780462,0.000934956,0.000735179,0.006167463,0.000780462,0.002290776,0.003644652,0.00219222,0.004492479,0.003489545,0.000817754,0.004233994,0.001433067,0.000895001,0.001105433,0.001555597,0.01405125,0.003846267,0.000599331,0.008478324,0.000807099,0.000817754,0.018662636,0.000961593,0.001758038,0.004042714,0.001395775,0.002368024,0.005464381,0.004445944,0.00145704,0.001257263,0.002626402,0.001643499,0.001148052,0.000924302,0.004032379,0.002838165,0.001230626,0.003654987,0.004166789,0.002125627,0.003494713,0.003143185,0.00296224,0.000511429,0.002522518,0.005298939,0.008809181,0.003505048,0.001275909,0.001696773,0.001164034,0.001829957,0.012433136,0.004037547,0.00258911,0.003680825,0.001451713,0.000910983,0.003872105,0.001867249,0.001473023,0.000910983,0.000905656,0.00155027,0.002154928,0.003572253,0.000697888,0.001092114,0.001246609,0.000817754,0.000753825,0.002037726,0.004885374,0.001235954,0.002683085,0.001680791,0.005293771,0.004104752,0.005231734,0.001070805,0.00147835,0.001939169,0.006224333,0.000775135,0.002495881,0.001819303,0.00382557,0.009310648,0.001291891,0.00413059,0.001792666,0.003143185,0.002296104,0.002900203,0.000884346,0.004404577,0.001614198,0.000676578,0.001188007,0.000703215,0.000660596,0.001808648,0.000823081,0.000796444,0.001965806,0.000868364,0.000564703,0.001241281,0.0062295,0.001715419,0.022369326
"3","bsc3","pgw","burn",2017,2018,"pgwburn",3.65064695,11.76155268,4.634863702,22.29842181,27.49222798,6.419689119,0.790076406,1.032500057,0.922794074,1.325309055,0.858654586,0.182541139,0.136923524,0.337523444,0.700351503,0.666509224,0.556643872,11.47078314,5.539,5.724,22.19333296,20.46174941,49.79711026,29.74114034,4.807074012,5.74773013,7.197075194,6.840936885,5.105,0.23,0,0.206666667,0.52,0.676666667,0,0.666666667,4.296666667,0.723333333,0.106666667,0.85,1.413333333,1.923333333,53.4,61.05,70.26666667,68.33333333,60.4,57.6,69.63333333,65.43333333,53.16666667,56.5,67.8,67.3,56.16666667,58.93333333,58.05,68.05,79.03333333,75.23333333,66.8,64.36666667,77.93333333,72.4,58.03333333,62.43333333,75.43333333,74.7,61.8,65.3,48.7,54.05,61.43333333,61.36666667,54,50.9,61.33333333,58.5,48.3,50.6,60.13333333,59.8,50.56666667,52.66666667,0.000871724,0.005369762,0.002376104,0.022503221,0.007044638,0.006184576,0.006608951,0.002207007,0.005539529,0.002099135,0.003100772,0.030328738,0.038691749,0.002903803,0.001390677,0.002845494,0.003134708,0.01038305,0.003989143,0.002026248,0.008385665,0.00065598,0.018378305,0.023006839,0.027092163,0.004979352,0.005630055,0.016782641,0.001953362,0.009392841,0.020109741,0.002020417,0.004639846,0.001256565,0.001906714,0.011622239,0.004385209,0.016250773,0.002556863,0.001653069,0.058507261,0.006229824,0.003932554,0.000979596,0.005545185,0.021394207,0.001478141,0.003123396,0.002711383,0.003066836,0.00466247,0.003253542,0.001294466,0.001390677,0.001119539,0.002460653,0.004373897,0.008380009,0.001250735,0.002099135,0.00478696,0.001510211,0.002998935,0.002364442,0.000991258,0.002346949,0.004266404,0.000510206,0.002903803,0.000714289,0.00046939,0.003123396,0.000536446,0.006586298,0.000390672,0.000481052,0.001551027,0.001046652,0.00093878,0.000661811,0.002597679,0.001087468,0.000944611,0.004639846,0.001370269,0.001390677,0.002653073,0.000836738,0.001215749,0.000854231,0.008498843,0.000883386,0.001997094,0.003400657,0.002230331,0.004181506,0.00327051,0.00112537,0.00587335,0.002346949,0.000702627,0.000813415,0.001653069,0.018978074,0.004956699,0.00100292,0.011271421,0.000900879,0.000921287,0.020635982,0.000793006,0.00212829,0.004600225,0.001492718,0.002218669,0.005539529,0.004385209,0.001871729,0.001262396,0.003315788,0.001679308,0.00103499,0.000985427,0.003287508,0.00169097,0.000950442,0.002647242,0.003491211,0.001760941,0.003355409,0.003072492,0.003570424,0.000620994,0.003259198,0.006286413,0.010903635,0.004458767,0.001448986,0.001594759,0.001346945,0.003123396,0.014858814,0.005075533,0.002909634,0.004396521,0.00206998,0.001113708,0.004951043,0.002495638,0.001527704,0.002416921,0.002454822,0.003564768,0.002075811,0.003355409,0.001040821,0.001215749,0.001425662,0.001250735,0.000956273,0.002172021,0.005375418,0.001606421,0.004385209,0.00187756,0.006365626,0.006535394,0.004492732,0.001087468,0.001670561,0.001673477,0.010077509,0.001023328,0.003100772,0.001448986,0.004430486,0.010309493,0.001335283,0.004741683,0.00225657,0.005522532,0.005952563,0.001166186,0.000451897,0.002399428,0.000661811,0.00026589,0.000271721,0.000175511,0.000248981,0.000446066,0.000390672,0.000536446,0.00138193,0.000690965,0.000402334,0.000895048,0.001023328,0.000323617,0.018751747
"4","bsc4","pgw","burn",2017,2018,"pgwburn",3.65064695,11.76155268,4.634863702,22.29842181,27.49222798,6.419689119,0.790076406,1.032500057,0.922794074,1.325309055,0.858654586,0.182541139,0.136923524,0.337523444,0.700351503,0.666509224,0.556643872,11.47078314,5.539,5.724,22.19333296,20.46174941,49.79711026,29.74114034,4.807074012,5.74773013,7.197075194,6.840936885,5.105,0.23,0,0.206666667,0.52,0.676666667,0,0.666666667,4.296666667,0.723333333,0.106666667,0.85,1.413333333,1.923333333,53.4,61.05,70.26666667,68.33333333,60.4,57.6,69.63333333,65.43333333,53.16666667,56.5,67.8,67.3,56.16666667,58.93333333,58.05,68.05,79.03333333,75.23333333,66.8,64.36666667,77.93333333,72.4,58.03333333,62.43333333,75.43333333,74.7,61.8,65.3,48.7,54.05,61.43333333,61.36666667,54,50.9,61.33333333,58.5,48.3,50.6,60.13333333,59.8,50.56666667,52.66666667,0.000982717,0.00855484,0.004204344,0.031260985,0.007225302,0.003724032,0.009473644,0.001761,0.004621963,0.001362892,0.002388648,0.022044856,0.012626911,0.002284638,0.001567326,0.001775347,0.002309744,0.006216009,0.002177041,0.001226603,0.005721781,0.00054157,0.013100229,0.016260454,0.024989277,0.004211302,0.00482385,0.01378935,0.00098989,0.006821599,0.010371611,0.001628298,0.00288718,0.000882293,0.001405931,0.015522591,0.006661495,0.019928786,0.002087377,0.001147699,0.048920519,0.004705493,0.002833381,0.000954025,0.010858845,0.014095643,0.000814149,0.002413754,0.001915222,0.002073031,0.003360606,0.002463966,0.000975544,0.001108247,0.000821322,0.001703615,0.00323149,0.006222967,0.001233776,0.002073031,0.005561677,0.001685683,0.004893429,0.002722198,0.000982717,0.003131066,0.012619953,0.001212257,0.00482385,0.002130416,0.000889467,0.016079476,0.003486135,0.032103217,0.001029342,0.001789693,0.007378448,0.003389298,0.003403644,0.001836318,0.002073031,0.001079554,0.000738831,0.004155602,0.001316267,0.001377239,0.002388648,0.000645581,0.00089664,0.000652754,0.006473559,0.000652754,0.001621125,0.002923045,0.001574499,0.003048575,0.002316917,0.000939678,0.004413153,0.00134496,0.000724485,0.001133353,0.001717962,0.011896006,0.00373099,0.000717312,0.007601209,0.000975544,0.001169218,0.02139056,0.000871534,0.001761,0.004413153,0.001398758,0.002532111,0.005130106,0.00529021,0.001613951,0.001309094,0.002966084,0.001628298,0.000857188,0.000857188,0.003995498,0.00255363,0.001398758,0.003654417,0.004287839,0.002567976,0.003891094,0.00323149,0.002388648,0.000355069,0.002435273,0.004573257,0.007622083,0.002797516,0.001022169,0.001954675,0.00077111,0.001732308,0.011429646,0.003217143,0.001606778,0.001997713,0.000785456,0.000577436,0.00264688,0.000997063,0.001169218,0.000376589,0.000451906,0.000652754,0.000961198,0.001258882,0.000731658,0.000889467,0.001183564,0.000814149,0.000695792,0.001865011,0.004350496,0.001294748,0.002775997,0.001079554,0.004280881,0.003633543,0.002664813,0.000903813,0.001162045,0.001717962,0.005888843,0.000645581,0.002277465,0.001524288,0.001789693,0.003995498,0.000523638,0.002492658,0.000982717,0.006793732,0.003579386,0.014429731,0.004204344,0.022455553,0.007127855,0.003084441,0.006584922,0.003689242,0.00384931,0.009431897,0.005018744,0.005109232,0.008081485,0.003891094,0.002937392,0.00529021,0.002750891,0.000731658,0.021418391
"5","bsc5","pgw","control",NA,2018,"pgwcontrol",3.65064695,11.76155268,4.634863702,22.29842181,3.302547771,20.7133758,0.976098318,0.889828553,0.996224649,1.352396593,0.859981428,0.163023571,0.14878015,0.322749,0.366097401,0.759216608,0.821114859,10.84290026,5.467,5.648,25.08829288,19.15285855,46.81737324,34.02976822,6.109424813,5.943153953,9.741880288,6.514503741,5.105,0.23,0,0.206666667,0.52,0.676666667,0,0.666666667,4.296666667,0.723333333,0.106666667,0.85,1.413333333,1.923333333,53.4,61.05,70.26666667,68.33333333,60.4,57.6,69.63333333,65.43333333,53.16666667,56.5,67.8,67.3,56.16666667,58.93333333,58.05,68.05,79.03333333,75.23333333,66.8,64.36666667,77.93333333,72.4,58.03333333,62.43333333,75.43333333,74.7,61.8,65.3,48.7,54.05,61.43333333,61.36666667,54,50.9,61.33333333,58.5,48.3,50.6,60.13333333,59.8,50.56666667,52.66666667,0.000825636,0.002631939,0.001359234,0.01228737,0.003918525,0.006563515,0.006528543,0.002855474,0.005485935,0.002559831,0.003428732,0.029962716,0.046077646,0.002783366,0.001442158,0.003576553,0.004520301,0.012315348,0.005611871,0.003219619,0.010810924,0.001013116,0.019676593,0.024945591,0.031208236,0.006276634,0.006080717,0.017990205,0.002520172,0.010579999,0.025939238,0.002321875,0.005213042,0.001658482,0.002743706,0.011027861,0.004310359,0.01557614,0.002812209,0.002224529,0.06057617,0.006738449,0.003457575,0.001160938,0.00586378,0.022839391,0.00191086,0.004527296,0.004891152,0.004415348,0.006605518,0.004793194,0.001896438,0.000995089,0.000804003,0.0031403,0.006647485,0.013176028,0.001258283,0.001972152,0.004870169,0.001510661,0.003021322,0.002931187,0.001020327,0.001827936,0.003324175,0.000378567,0.002282216,0.000638155,0.000432648,0.004191417,0.000609312,0.010083211,0.00029384,0.000371356,0.000804003,0.000922981,0.000854479,0.000692236,0.002631939,0.001056381,0.000944614,0.004142456,0.001308759,0.001449369,0.002076708,0.000742712,0.001063592,0.000796793,0.007067333,0.000648971,0.001658482,0.002476907,0.001449369,0.00341431,0.002372351,0.001218624,0.005723855,0.002520172,0.000804003,0.000987879,0.001658482,0.015702077,0.00438034,0.000973457,0.010824913,0.001204202,0.001279916,0.029213983,0.00072829,0.002393983,0.005262003,0.001553926,0.00254541,0.005975764,0.005080075,0.002195686,0.001748617,0.004212401,0.001874806,0.001287126,0.001279916,0.003064587,0.001532293,0.000749922,0.002321875,0.003764574,0.001986573,0.003806577,0.003169143,0.003590974,0.000573258,0.003183565,0.005926766,0.009789299,0.004184423,0.001132094,0.001680115,0.001153727,0.00268602,0.012623249,0.004933155,0.002952819,0.003666616,0.001546715,0.000966246,0.004191417,0.001853174,0.001420526,0.002289426,0.002127184,0.003079008,0.001882017,0.002527383,0.000782371,0.000980668,0.001146516,0.000995089,0.000645366,0.00191086,0.004044461,0.001078013,0.004541285,0.001420526,0.004912136,0.005723855,0.00367361,0.000645366,0.001539504,0.001539504,0.00648654,0.000767949,0.002422826,0.001413315,0.002520172,0.004114442,0.000475912,0.00254541,0.001099646,0.001972152,0.001568347,0.001034749,0.000301051,0.001701747,0.000573258,0.000342873,0.000526388,0.000168011,0.000321962,0.000616523,0.000252017,0.000342873,0.000767949,0.000321962,0.000217045,0.000504755,0.001027538,0.000133039,0.021069069
"6","bsc6","pgw","control",NA,2018,"pgwcontrol",3.65064695,11.76155268,4.634863702,22.29842181,3.302547771,20.7133758,0.976098318,0.889828553,0.996224649,1.352396593,0.859981428,0.163023571,0.14878015,0.322749,0.366097401,0.759216608,0.821114859,10.84290026,5.467,5.648,25.08829288,19.15285855,46.81737324,34.02976822,6.109424813,5.943153953,9.741880288,6.514503741,5.105,0.23,0,0.206666667,0.52,0.676666667,0,0.666666667,4.296666667,0.723333333,0.106666667,0.85,1.413333333,1.923333333,53.4,61.05,70.26666667,68.33333333,60.4,57.6,69.63333333,65.43333333,53.16666667,56.5,67.8,67.3,56.16666667,58.93333333,58.05,68.05,79.03333333,75.23333333,66.8,64.36666667,77.93333333,72.4,58.03333333,62.43333333,75.43333333,74.7,61.8,65.3,48.7,54.05,61.43333333,61.36666667,54,50.9,61.33333333,58.5,48.3,50.6,60.13333333,59.8,50.56666667,52.66666667,0.00109335,0.009211179,0.003508729,0.038309158,0.009838793,0.004877572,0.005056881,0.002032707,0.004937321,0.002134342,0.002300654,0.023670498,0.0225826,0.002211338,0.001022513,0.002414609,0.003005942,0.007890166,0.002682557,0.001620006,0.006622958,0.000585173,0.014094695,0.018494088,0.022247881,0.004285808,0.003963008,0.012976922,0.001194985,0.006646858,0.013359502,0.001804797,0.003819548,0.001161107,0.001549169,0.010669646,0.003425049,0.012211823,0.002319133,0.00129662,0.046259104,0.004997101,0.003640239,0.00066217,0.006353964,0.015505362,0.001164186,0.003323444,0.00240229,0.002534723,0.004166248,0.002688716,0.001182666,0.001469092,0.001105669,0.001792478,0.003556559,0.007483717,0.001435214,0.002186699,0.005044931,0.001469092,0.003532628,0.002547043,0.001105669,0.00317401,0.009336683,0.001034832,0.003831498,0.00151221,0.000806923,0.010030083,0.001327419,0.022002817,0.000825402,0.001004034,0.006443649,0.002325293,0.001995748,0.001262742,0.002152821,0.001231943,0.000831562,0.004943296,0.001481412,0.001690842,0.002879668,0.000945517,0.001130308,0.000806923,0.010191467,0.001182666,0.003287564,0.005188391,0.003162029,0.00591764,0.004829742,0.001016353,0.005792105,0.002325293,0.000813083,0.001429054,0.002362251,0.019689566,0.005337826,0.001010194,0.01146465,0.000973235,0.000997874,0.018739152,0.001124148,0.001894113,0.005134586,0.001773998,0.002408449,0.005684495,0.004871566,0.001715481,0.001327419,0.003221809,0.001561488,0.000985555,0.001207305,0.003717943,0.002343772,0.000957836,0.00304906,0.003317469,0.002276015,0.003688069,0.003478854,0.003915208,0.000680649,0.003287564,0.005756225,0.009366589,0.004214078,0.001429054,0.002122022,0.001410575,0.002630199,0.014046895,0.004686282,0.002922786,0.003921183,0.001841755,0.000843881,0.004094518,0.001971109,0.001684683,0.001059471,0.00109335,0.001543009,0.00196803,0.003287564,0.001099509,0.001410575,0.001536849,0.001250423,0.000985555,0.002565522,0.006646858,0.001773998,0.007190823,0.001906432,0.007011482,0.007818436,0.004710181,0.001117989,0.001632325,0.00238997,0.007220697,0.000914718,0.002802671,0.001780158,0.003867378,0.008344445,0.00108103,0.004769962,0.001931071,0.002571682,0.001493731,0.003968983,0.001164186,0.006389844,0.00196187,0.001068711,0.001709321,0.000800763,0.001040992,0.002158981,0.001823276,0.001767839,0.002420769,0.001207305,0.000991714,0.001697002,0.003108255,0.00129662,0.015630897
"7","bsc7","pgw","control",NA,2018,"pgwcontrol",3.65064695,11.76155268,4.634863702,22.29842181,3.302547771,20.7133758,0.976098318,0.889828553,0.996224649,1.352396593,0.859981428,0.163023571,0.14878015,0.322749,0.366097401,0.759216608,0.821114859,10.84290026,5.467,5.648,25.08829288,19.15285855,46.81737324,34.02976822,6.109424813,5.943153953,9.741880288,6.514503741,5.105,0.23,0,0.206666667,0.52,0.676666667,0,0.666666667,4.296666667,0.723333333,0.106666667,0.85,1.413333333,1.923333333,53.4,61.05,70.26666667,68.33333333,60.4,57.6,69.63333333,65.43333333,53.16666667,56.5,67.8,67.3,56.16666667,58.93333333,58.05,68.05,79.03333333,75.23333333,66.8,64.36666667,77.93333333,72.4,58.03333333,62.43333333,75.43333333,74.7,61.8,65.3,48.7,54.05,61.43333333,61.36666667,54,50.9,61.33333333,58.5,48.3,50.6,60.13333333,59.8,50.56666667,52.66666667,0.000762866,0.002356008,0.000943709,0.012703878,0.003449297,0.003860787,0.003259682,0.001685788,0.003344408,0.001868709,0.002070339,0.01804926,0.025157631,0.001608878,0.000854327,0.002255152,0.002743303,0.007588436,0.003558218,0.001758541,0.006039278,0.000573708,0.010799706,0.014087617,0.017056848,0.003695389,0.003320192,0.010368032,0.001646294,0.006769488,0.016560632,0.001371911,0.003255649,0.001068428,0.00185208,0.004994401,0.002057867,0.008379156,0.001719046,0.001282529,0.034105611,0.003921297,0.002549656,0.000588259,0.003275812,0.013070989,0.001209776,0.003525937,0.005482552,0.004352971,0.006458854,0.004679735,0.001673316,0.001186911,0.000883428,0.002364073,0.005490618,0.007544057,0.001247192,0.001993429,0.004962141,0.001423878,0.002303564,0.002747335,0.001101686,0.004191584,0.036957835,0.003687303,0.008802744,0.0063015,0.002630328,0.037607352,0.005672167,0.078442104,0.002674707,0.004897599,0.034738997,0.01075936,0.011029668,0.003388766,0.002598067,0.000952023,0.000710899,0.003909199,0.001278372,0.001461293,0.002311629,0.000613203,0.000968653,0.000646461,0.005575344,0.00069427,0.002408453,0.0030741,0.002444767,0.005982801,0.003776061,0.001359439,0.007435136,0.002658577,0.001020619,0.000702585,0.001186911,0.009137594,0.002940983,0.000673484,0.007584404,0.001141181,0.001132866,0.01897715,0.000584102,0.002005901,0.004312624,0.001363597,0.002097819,0.004651507,0.004191584,0.001702417,0.00143635,0.003037786,0.001787642,0.001085057,0.001145338,0.002247087,0.001359439,0.000665169,0.00162135,0.002791715,0.001415563,0.002920799,0.002763466,0.005058964,0.000848091,0.003973741,0.008016078,0.013075021,0.005466422,0.001758541,0.001218091,0.000916686,0.001843766,0.009097248,0.003062002,0.001980957,0.004179486,0.001681631,0.000866798,0.004482055,0.002428616,0.001270057,0.000579944,0.00061736,0.00097281,0.002319694,0.003739747,0.000706742,0.000976967,0.000852248,0.000710899,0.000565394,0.001750226,0.004227898,0.001251349,0.002142198,0.00104972,0.004248082,0.003433146,0.002561753,0.000794046,0.001465451,0.001461293,0.005563246,0.00061736,0.002376171,0.001359439,0.002916767,0.00447399,0.000561236,0.002775564,0.001299158,0.000798203,0.000511349,0.001916518,0.000652697,0.002614198,0.001055956,0.000588259,0.001016462,0.000415731,0.00050927,0.001282529,0.000415731,0.000471854,0.000789888,0.00054045,0.000342978,0.000536293,0.006886475,0.00131163,0.020373007
"8","bsc8","pgw","control",NA,2018,"pgwcontrol",3.65064695,11.76155268,4.634863702,22.29842181,3.302547771,20.7133758,0.976098318,0.889828553,0.996224649,1.352396593,0.859981428,0.163023571,0.14878015,0.322749,0.366097401,0.759216608,0.821114859,10.84290026,5.467,5.648,25.08829288,19.15285855,46.81737324,34.02976822,6.109424813,5.943153953,9.741880288,6.514503741,5.105,0.23,0,0.206666667,0.52,0.676666667,0,0.666666667,4.296666667,0.723333333,0.106666667,0.85,1.413333333,1.923333333,53.4,61.05,70.26666667,68.33333333,60.4,57.6,69.63333333,65.43333333,53.16666667,56.5,67.8,67.3,56.16666667,58.93333333,58.05,68.05,79.03333333,75.23333333,66.8,64.36666667,77.93333333,72.4,58.03333333,62.43333333,75.43333333,74.7,61.8,65.3,48.7,54.05,61.43333333,61.36666667,54,50.9,61.33333333,58.5,48.3,50.6,60.13333333,59.8,50.56666667,52.66666667,0.00071573,0.019447248,0.008074904,0.033416086,0.014215464,0.002414752,0.003351221,0.001103695,0.002595357,0.0008562,0.001197342,0.013098992,0.008425411,0.001351191,0.000610043,0.000896335,0.00121741,0.002969944,0.001699022,0.000829444,0.002882986,0.000181943,0.006321165,0.009087494,0.014007768,0.002194013,0.002361239,0.006454946,0.000467566,0.003190683,0.005806107,0.000949847,0.001765913,0.000545159,0.000675595,0.007477704,0.002414752,0.006828597,0.000976603,0.000532449,0.024445383,0.002742516,0.001612064,0.000467566,0.003117104,0.009814528,0.000610043,0.002274282,0.001531796,0.001879627,0.00271576,0.00164551,0.000688974,0.000963225,0.0008562,0.002882986,0.003779321,0.004334513,0.001183964,0.001545174,0.003531825,0.00099667,0.002247525,0.001739156,0.000648839,0.002762583,0.012514769,0.001491661,0.004167287,0.001959896,0.001204031,0.017590832,0.002495021,0.04152992,0.001103695,0.001478283,0.007776304,0.002983322,0.003177305,0.001491661,0.001505039,0.000775931,0.000702352,0.003364599,0.001050183,0.001183964,0.001672266,0.000571246,0.000802688,0.000597333,0.007010339,0.000896335,0.0021405,0.004180665,0.002495021,0.004495051,0.00328433,0.001204031,0.006374677,0.002869608,0.001010049,0.001170586,0.00228766,0.022965428,0.004943218,0.000789309,0.01130746,0.001050183,0.001257544,0.019226576,0.001197342,0.00164551,0.004775991,0.001973274,0.002789339,0.005270982,0.004689033,0.001625442,0.001351191,0.002923121,0.001819425,0.001438149,0.001157208,0.006060291,0.004635521,0.001779291,0.005919821,0.005672326,0.002194013,0.003685674,0.004053572,0.005150579,0.000802688,0.004281001,0.008256645,0.013696192,0.005451587,0.001832803,0.002086988,0.000909713,0.002100366,0.012605674,0.003672296,0.001933139,0.00314386,0.00121741,0.001050183,0.003618783,0.001585308,0.001157208,0.000976603,0.000816066,0.001197342,0.001505039,0.002301038,0.000623421,0.001023427,0.001324435,0.000729108,0.000688974,0.002040164,0.004762613,0.001076939,0.001893005,0.001518417,0.004441538,0.003391355,0.003398044,0.000829444,0.001257544,0.001725778,0.006247585,0.000789309,0.002555222,0.001023427,0.002829474,0.007308939,0.001010049,0.003658918,0.00164551,0.009983293,0.005866309,0.018097127,0.004635521,0.027067763,0.009347163,0.005023487,0.008840868,0.004675655,0.005063621,0.011086788,0.007776304,0.007789281,0.010762235,0.005765973,0.004735857,0.007776304,0.002762583,0.000623421,0.0344157
"9","bsc9","pge","burn",2017,2018,"pgeburn",4.61837238,13.45869297,4.993553009,28.90114613,2.932608696,41.46086957,0.631507619,0.960818175,0.776974707,0.933443884,0.842626375,0.147584418,0.1119298,0.361754583,0.574706946,0.777049546,1.052529737,12.36504436,5.586,5.52,18.43500424,15.10678927,50.33125504,34.5619557,4.784251479,6.028268599,6.465206819,6.319845917,5.105,0.23,0,0.206666667,0.52,0.676666667,0,0.666666667,4.296666667,0.723333333,0.106666667,0.85,1.413333333,1.923333333,53.4,61.05,70.26666667,68.33333333,60.4,57.6,69.63333333,65.43333333,53.16666667,56.5,67.8,67.3,56.16666667,58.93333333,58.05,68.05,79.03333333,75.23333333,66.8,64.36666667,77.93333333,72.4,58.03333333,62.43333333,75.43333333,74.7,61.8,65.3,48.7,54.05,61.43333333,61.36666667,54,50.9,61.33333333,58.5,48.3,50.6,60.13333333,59.8,50.56666667,52.66666667,0.000746699,0.00310053,0.001409332,0.014213629,0.003867008,0.003491187,0.003560417,0.001725813,0.003337891,0.001651638,0.001785153,0.018551602,0.020048806,0.001814824,0.000806039,0.001814824,0.002457677,0.006583755,0.002428007,0.001028565,0.005528042,0.000662633,0.013349882,0.01596036,0.01709282,0.003560417,0.003436791,0.0100292,0.001201641,0.00604633,0.012831594,0.001345046,0.00310053,0.00110274,0.001374717,0.005508855,0.00219559,0.008359265,0.001602188,0.001419222,0.033600198,0.004618652,0.002497237,0.000593403,0.005720008,0.017639888,0.000731863,0.003723603,0.004653267,0.003619757,0.007418722,0.003570307,0.001498342,0.001028565,0.000919774,0.002610972,0.00514416,0.009501368,0.001226366,0.001898889,0.005105786,0.001439002,0.002437897,0.002101635,0.000919774,0.003397231,0.0179086,0.001765373,0.005681634,0.0031302,0.001364826,0.023753371,0.003876898,0.051748731,0.001399442,0.002497237,0.012793221,0.004618652,0.004742277,0.002062075,0.002235151,0.000998895,0.000815929,0.004020304,0.001038455,0.001468672,0.002348886,0.000422305,0.000899994,0.000721973,0.006737298,0.000702193,0.002343941,0.003649427,0.002314271,0.004618652,0.003599977,0.001552737,0.006372602,0.002878004,0.000845599,0.000815929,0.001439002,0.013560985,0.003970854,0.000746699,0.009961997,0.001048345,0.00111263,0.023139149,0.000756589,0.002457677,0.005355312,0.001542847,0.002358776,0.005854364,0.005220956,0.001997789,0.001419222,0.003674152,0.001631858,0.00111263,0.001285706,0.002284601,0.001379662,0.000806039,0.001968119,0.003906569,0.001804934,0.003876898,0.003337891,0.008196129,0.001458782,0.006382196,0.015211733,0.024674678,0.010537845,0.00306097,0.001419222,0.00113241,0.002601082,0.010969743,0.003886788,0.002052185,0.004297225,0.001488452,0.000939554,0.004836233,0.001938449,0.001374717,0.000672523,0.000731863,0.001181861,0.001844494,0.003051079,0.000949445,0.001325266,0.001018675,0.001171971,0.000959335,0.002042295,0.004297225,0.001246146,0.003194485,0.002081855,0.005422465,0.004460411,0.004796673,0.000890104,0.001691198,0.001631858,0.006727704,0.000776369,0.002976904,0.00105329,0.003293386,0.006823687,0.000899994,0.003436791,0.001354936,0.001948339,0.00115219,0.003397231,0.00111263,0.004952194,0.001795044,0.001018675,0.001508232,0.000806039,0.000919774,0.00219559,0.000969225,0.000746699,0.001701088,0.00105329,0.000746699,0.001171971,0.019396162,0.004653267,0.032467738
"10","bsc10","pge","burn",2017,2018,"pgeburn",4.61837238,13.45869297,4.993553009,28.90114613,2.932608696,41.46086957,0.631507619,0.960818175,0.776974707,0.933443884,0.842626375,0.147584418,0.1119298,0.361754583,0.574706946,0.777049546,1.052529737,12.36504436,5.586,5.52,18.43500424,15.10678927,50.33125504,34.5619557,4.784251479,6.028268599,6.465206819,6.319845917,5.105,0.23,0,0.206666667,0.52,0.676666667,0,0.666666667,4.296666667,0.723333333,0.106666667,0.85,1.413333333,1.923333333,53.4,61.05,70.26666667,68.33333333,60.4,57.6,69.63333333,65.43333333,53.16666667,56.5,67.8,67.3,56.16666667,58.93333333,58.05,68.05,79.03333333,75.23333333,66.8,64.36666667,77.93333333,72.4,58.03333333,62.43333333,75.43333333,74.7,61.8,65.3,48.7,54.05,61.43333333,61.36666667,54,50.9,61.33333333,58.5,48.3,50.6,60.13333333,59.8,50.56666667,52.66666667,0.000775775,0.005371074,0.002213959,0.019111536,0.0052287,0.005168305,0.005384011,0.002191731,0.004840435,0.002131714,0.00237276,0.026333355,0.026329043,0.001944994,0.001164774,0.00254532,0.003050084,0.009184752,0.003132041,0.001462636,0.006738638,0.000482359,0.012860369,0.016855254,0.025194433,0.004572959,0.004253714,0.012963909,0.001596007,0.00720457,0.016277157,0.001716041,0.003895657,0.001151437,0.001691589,0.007743834,0.003334809,0.01243327,0.002264907,0.001531544,0.045626076,0.005358137,0.00343835,0.000913592,0.004296859,0.012083838,0.000833569,0.003218332,0.00326579,0.002808483,0.006669619,0.003045772,0.001220345,0.000958049,0.000746878,0.003145,0.004879268,0.007208882,0.00104474,0.001687144,0.004163132,0.001129208,0.006919845,0.001953886,0.000802449,0.002937919,0.012562707,0.001444853,0.004909455,0.002264907,0.001273693,0.019663736,0.00361091,0.039771821,0.0011381,0.00185608,0.005371074,0.003792116,0.003235581,0.001893869,0.002239033,0.000824678,0.000720204,0.003856824,0.001104757,0.001435961,0.002071697,0.000633512,0.000880249,0.000609061,0.006445289,0.000720204,0.001760498,0.002843004,0.001798286,0.00361091,0.002558279,0.001173665,0.005634237,0.001920543,0.000693529,0.0010603,0.001733823,0.015466105,0.003904281,0.000771329,0.009935409,0.000866912,0.001164774,0.020742264,0.000829123,0.001782726,0.004486691,0.001453744,0.002726526,0.006238208,0.004650626,0.001627127,0.001342602,0.003127729,0.001696035,0.001069191,0.001018066,0.004016447,0.002782609,0.001275916,0.003891322,0.004883581,0.002402968,0.003658368,0.003675617,0.00383524,0.000802449,0.00366268,0.007588523,0.01401225,0.004883581,0.001862749,0.001789395,0.000958049,0.002005011,0.012247773,0.003874073,0.002234721,0.003744659,0.001371499,0.000880249,0.003507369,0.001920543,0.00134927,0.000918037,0.000849129,0.001169219,0.002205068,0.003459911,0.000706866,0.00085802,0.001187002,0.000922483,0.000737986,0.001833852,0.003973301,0.001215899,0.003239894,0.001293699,0.004469419,0.004879268,0.00371445,0.000802449,0.001320373,0.001495978,0.006164876,0.000751324,0.002717902,0.00130259,0.002553966,0.005651487,0.000669078,0.002735151,0.001342602,0.004391775,0.002566903,0.009534206,0.002963793,0.014400515,0.005586779,0.002329614,0.004741207,0.002704942,0.002773984,0.006380581,0.002226074,0.002320989,0.004702396,0.001931657,0.002076142,0.002812795,0.009486748,0.002100594,0.012955285
"11","bsc11","pge","burn",2017,2018,"pgeburn",4.61837238,13.45869297,4.993553009,28.90114613,2.932608696,41.46086957,0.631507619,0.960818175,0.776974707,0.933443884,0.842626375,0.147584418,0.1119298,0.361754583,0.574706946,0.777049546,1.052529737,12.36504436,5.586,5.52,18.43500424,15.10678927,50.33125504,34.5619557,4.784251479,6.028268599,6.465206819,6.319845917,5.105,0.23,0,0.206666667,0.52,0.676666667,0,0.666666667,4.296666667,0.723333333,0.106666667,0.85,1.413333333,1.923333333,53.4,61.05,70.26666667,68.33333333,60.4,57.6,69.63333333,65.43333333,53.16666667,56.5,67.8,67.3,56.16666667,58.93333333,58.05,68.05,79.03333333,75.23333333,66.8,64.36666667,77.93333333,72.4,58.03333333,62.43333333,75.43333333,74.7,61.8,65.3,48.7,54.05,61.43333333,61.36666667,54,50.9,61.33333333,58.5,48.3,50.6,60.13333333,59.8,50.56666667,52.66666667,0.000947773,0.008104375,0.00335977,0.028064275,0.007878585,0.007165087,0.007276478,0.002986463,0.006517825,0.0028841,0.003185154,0.036827966,0.038820942,0.00297441,0.001357286,0.003543415,0.003835425,0.012012055,0.006126446,0.003459108,0.00953739,0.000870214,0.015715024,0.021130997,0.031749174,0.006144517,0.005894637,0.018295061,0.001688913,0.008275983,0.017461145,0.002143503,0.005548428,0.001475175,0.001755149,0.010825911,0.004467641,0.017548446,0.003182144,0.002023085,0.060192775,0.007020579,0.004302068,0.001164939,0.008902164,0.016582058,0.002492736,0.002595083,0.00220372,0.002071249,0.003513307,0.002552938,0.00099586,0.001065663,0.000834537,0.002847973,0.004437533,0.006526853,0.001346427,0.00220372,0.006021089,0.001709994,0.008291029,0.003413953,0.001261112,0.002092329,0.0031129,0.000442087,0.00251982,0.000584796,0.000394001,0.001433294,0.00028852,0.0031129,0.00030093,0.000294725,0.000649946,0.000547568,0.000487072,0.000896584,0.002986463,0.001171144,0.000735261,0.004283997,0.001501546,0.001448805,0.002221776,0.000991206,0.001228537,0.000890379,0.0056538,0.000755426,0.002005013,0.004016061,0.001941803,0.003910689,0.002857001,0.000991206,0.006355261,0.002589065,0.00093071,0.001327813,0.002185649,0.017765208,0.005566499,0.000905891,0.010563994,0.000893482,0.001312301,0.027347768,0.0013759,0.002086311,0.004943312,0.001667832,0.002905181,0.006114409,0.006153545,0.001956849,0.001385207,0.004274969,0.001716012,0.001141671,0.001194411,0.004651286,0.002592074,0.001186655,0.003757153,0.003967896,0.003266436,0.00449775,0.00381436,0.003046664,0.000556875,0.002926246,0.005921736,0.009377835,0.003687908,0.0013759,0.002715502,0.001270419,0.002444557,0.016073286,0.005334675,0.003233318,0.003778233,0.001755149,0.000873316,0.004326142,0.001670857,0.001544979,0.003052683,0.002589065,0.00404316,0.001282829,0.001920722,0.001005167,0.001168041,0.001812341,0.001093584,0.000981899,0.002134475,0.004539895,0.001206821,0.00254391,0.001292136,0.005449075,0.003769205,0.003106881,0.000927608,0.001436396,0.001899657,0.007345722,0.00083919,0.002902156,0.002155556,0.002260912,0.003883605,0.000442087,0.002625192,0.001047049,0.004362269,0.004079287,0.001719022,0.000535158,0.003004518,0.000963285,0.000473111,0.000640639,0.000361426,0.000400205,0.000896584,0.000688725,0.000632883,0.00158655,0.000674765,0.000479316,0.001005167,0.003206234,0.000598757,0.006936288
"12","bsc12","pge","burn",2017,2018,"pgeburn",4.61837238,13.45869297,4.993553009,28.90114613,2.932608696,41.46086957,0.631507619,0.960818175,0.776974707,0.933443884,0.842626375,0.147584418,0.1119298,0.361754583,0.574706946,0.777049546,1.052529737,12.36504436,5.586,5.52,18.43500424,15.10678927,50.33125504,34.5619557,4.784251479,6.028268599,6.465206819,6.319845917,5.105,0.23,0,0.206666667,0.52,0.676666667,0,0.666666667,4.296666667,0.723333333,0.106666667,0.85,1.413333333,1.923333333,53.4,61.05,70.26666667,68.33333333,60.4,57.6,69.63333333,65.43333333,53.16666667,56.5,67.8,67.3,56.16666667,58.93333333,58.05,68.05,79.03333333,75.23333333,66.8,64.36666667,77.93333333,72.4,58.03333333,62.43333333,75.43333333,74.7,61.8,65.3,48.7,54.05,61.43333333,61.36666667,54,50.9,61.33333333,58.5,48.3,50.6,60.13333333,59.8,50.56666667,52.66666667,0.000901122,0.005479915,0.002397531,0.023604868,0.005543485,0.004756833,0.005681275,0.002266459,0.004609376,0.002228229,0.002768903,0.024262031,0.032031397,0.00275798,0.001196035,0.002828977,0.003129351,0.010302612,0.004112394,0.002086234,0.007790556,0.00068813,0.019661885,0.024304412,0.023445888,0.004707681,0.004527456,0.01374741,0.001316184,0.007599791,0.015326723,0.001791322,0.004440075,0.001250648,0.00186778,0.006889598,0.002998279,0.011850139,0.00210808,0.001791322,0.047994094,0.006041669,0.002916359,0.000808279,0.006826028,0.010959775,0.001698479,0.003478878,0.003741022,0.00352803,0.005286583,0.003424264,0.001272494,0.001387182,0.000901122,0.002321072,0.004887905,0.008988284,0.001376259,0.002228229,0.005024439,0.001578329,0.002965511,0.00231015,0.000699052,0.002321072,0.009931622,0.000912045,0.003795636,0.001545561,0.000633516,0.009136669,0.001387182,0.018686761,0.00113596,0.001376259,0.006221839,0.003369651,0.002479451,0.001376259,0.002342918,0.000993965,0.000753666,0.004134239,0.001343491,0.001485486,0.002714289,0.000901122,0.001037656,0.000666284,0.010705386,0.000868354,0.002468529,0.003888479,0.002457606,0.005002593,0.004156085,0.001507332,0.007790556,0.003009202,0.000786434,0.000879277,0.001545561,0.014192619,0.004008628,0.000775511,0.009295649,0.001081347,0.001305262,0.020372024,0.00093389,0.002140848,0.004969825,0.001365337,0.002626908,0.006126429,0.004822369,0.00186778,0.00133803,0.003457032,0.001769476,0.001327107,0.001092269,0.003637257,0.002255536,0.00101581,0.003020125,0.004407307,0.002457606,0.003560798,0.003413342,0.006571638,0.001228803,0.004789601,0.010843176,0.017965973,0.007504382,0.002796209,0.001523716,0.001196035,0.002048005,0.012093933,0.003855711,0.00231015,0.003964938,0.001430873,0.00093389,0.004450997,0.002184539,0.001496409,0.000993965,0.000835586,0.001589252,0.001780399,0.003085661,0.000857431,0.001048579,0.001048579,0.001185112,0.000666284,0.002299227,0.004631222,0.001632943,0.007567952,0.002195461,0.005893284,0.008532535,0.005139127,0.000955736,0.00190601,0.001802244,0.006794188,0.00093389,0.002987356,0.001398105,0.003741022,0.006942627,0.000775511,0.003276808,0.001654788,0.002140848,0.001228803,0.002828977,0.00093389,0.003921247,0.001365337,0.000628055,0.001261571,0.000606209,0.000606209,0.001398105,0.000890199,0.000977581,0.00202616,0.001103192,0.000742743,0.001185112,0.00259414,0.000742743,0.022937109
"13","bsc13","pge","control",NA,2018,"pgecontrol",4.61837238,13.45869297,4.993553009,28.90114613,1.627906977,15.15116279,0.744948379,1.026235969,0.870893195,1.014402231,0.924441049,0.167039412,0.144097624,0.241763338,0.551034888,0.688283435,0.912506911,12.22625043,5.699,5.616,24.91606154,15.36530403,49.2938875,35.34080848,5.564915198,6.294446625,9.929364106,6.967673111,5.105,0.23,0,0.206666667,0.52,0.676666667,0,0.666666667,4.296666667,0.723333333,0.106666667,0.85,1.413333333,1.923333333,53.4,61.05,70.26666667,68.33333333,60.4,57.6,69.63333333,65.43333333,53.16666667,56.5,67.8,67.3,56.16666667,58.93333333,58.05,68.05,79.03333333,75.23333333,66.8,64.36666667,77.93333333,72.4,58.03333333,62.43333333,75.43333333,74.7,61.8,65.3,48.7,54.05,61.43333333,61.36666667,54,50.9,61.33333333,58.5,48.3,50.6,60.13333333,59.8,50.56666667,52.66666667,0.000879472,0.008793681,0.003514177,0.027814248,0.008548802,0.003838691,0.00434281,0.001295087,0.003543864,0.001361883,0.002074366,0.019222215,0.015246705,0.001562269,0.000779279,0.001569691,0.001744101,0.006179348,0.002304439,0.001295087,0.004616486,0.000482411,0.009362629,0.012812423,0.017169631,0.002968682,0.003261839,0.009477888,0.00082752,0.004782138,0.007756609,0.001287666,0.002649549,0.000734749,0.00087205,0.007713378,0.002627283,0.010032438,0.001929643,0.000949978,0.034087221,0.004061936,0.002679235,0.000604869,0.005379919,0.014137605,0.00069764,0.002464006,0.00278685,0.002341548,0.004630921,0.00265697,0.001154075,0.001180051,0.001180051,0.001751522,0.003169068,0.006107321,0.001447232,0.001799763,0.004573292,0.001384148,0.003953913,0.002441741,0.000894315,0.004119566,0.026337849,0.002634705,0.007922224,0.004364445,0.001885113,0.036204634,0.006733898,0.072510091,0.002137451,0.003592105,0.020266523,0.007093999,0.0070868,0.003343478,0.002456584,0.001146653,0.001050171,0.004126765,0.001339618,0.001521449,0.002634705,0.000927713,0.001157786,0.000771857,0.011732119,0.000935135,0.002571621,0.004350047,0.002449163,0.004566092,0.003428828,0.001146653,0.004688513,0.001599377,0.000675375,0.000909159,0.001643908,0.014324855,0.003666322,0.000682797,0.008664061,0.00091287,0.000949978,0.018905345,0.000749592,0.001744101,0.003867487,0.001547425,0.002204246,0.005012619,0.004738944,0.001636486,0.00121716,0.002968682,0.001606799,0.000972243,0.000927713,0.003499334,0.002137451,0.000987087,0.002853645,0.003343478,0.00195933,0.003413984,0.003413984,0.004393241,0.000786701,0.003968311,0.007446901,0.011876138,0.005235864,0.001807185,0.001721835,0.000935135,0.002074366,0.011962563,0.003443671,0.002181981,0.003521599,0.001577112,0.00091287,0.003925117,0.001822028,0.001506606,0.000771857,0.000834942,0.001180051,0.001966752,0.003076297,0.000886894,0.001224581,0.001332196,0.000857207,0.000764436,0.002464006,0.005473544,0.001643908,0.005343924,0.001424967,0.006150552,0.006726699,0.003874686,0.000942556,0.001677305,0.002081788,0.006128918,0.000964822,0.00296126,0.001621642,0.004227589,0.012243475,0.001584534,0.004746143,0.002382367,0.00152516,0.000805255,0.002486271,0.000790412,0.003759464,0.00126169,0.000712484,0.00091287,0.000634556,0.000519519,0.001499184,0.000749592,0.000649399,0.001424967,0.000820098,0.000512098,0.000935135,0.003838691,0.001462076,0.023276989
"14","bsc14","pge","control",NA,2018,"pgecontrol",4.61837238,13.45869297,4.993553009,28.90114613,1.627906977,15.15116279,0.744948379,1.026235969,0.870893195,1.014402231,0.924441049,0.167039412,0.144097624,0.241763338,0.551034888,0.688283435,0.912506911,12.22625043,5.699,5.616,24.91606154,15.36530403,49.2938875,35.34080848,5.564915198,6.294446625,9.929364106,6.967673111,5.105,0.23,0,0.206666667,0.52,0.676666667,0,0.666666667,4.296666667,0.723333333,0.106666667,0.85,1.413333333,1.923333333,53.4,61.05,70.26666667,68.33333333,60.4,57.6,69.63333333,65.43333333,53.16666667,56.5,67.8,67.3,56.16666667,58.93333333,58.05,68.05,79.03333333,75.23333333,66.8,64.36666667,77.93333333,72.4,58.03333333,62.43333333,75.43333333,74.7,61.8,65.3,48.7,54.05,61.43333333,61.36666667,54,50.9,61.33333333,58.5,48.3,50.6,60.13333333,59.8,50.56666667,52.66666667,0.000757821,0.00494952,0.002445158,0.017637875,0.005044248,0.002528044,0.003054967,0.001172255,0.003001683,0.001059766,0.001284744,0.013260036,0.006721934,0.001184096,0.000516858,0.001124891,0.001663654,0.005138975,0.001539324,0.000929515,0.0034694,0.000321482,0.00707811,0.008468475,0.010835541,0.002149134,0.001918235,0.006377243,0.000551789,0.003564128,0.005618534,0.000852549,0.001894553,0.00049436,0.000722298,0.004239063,0.002066247,0.006365698,0.001261062,0.001059766,0.023854259,0.002835909,0.001758382,0.000356413,0.003398355,0.005144896,0.00062165,0.002149134,0.002001122,0.001634052,0.004541007,0.001829428,0.000769662,0.000657173,0.000597968,0.001906394,0.002380032,0.005044248,0.001059766,0.001101209,0.003078649,0.000929515,0.00235635,0.001207778,0.000413841,0.004310108,0.019752137,0.002735261,0.00519226,0.003966721,0.0012433,0.070229839,0.009962271,0.188581801,0.00135579,0.002261623,0.008330587,0.004884395,0.006066951,0.002610931,0.001450517,0.000633491,0.000586127,0.003126013,0.000793344,0.000852549,0.00197744,0.000390752,0.00049436,0.00044818,0.004848872,0.000686775,0.001272903,0.002220179,0.001414994,0.002528044,0.001847189,0.00062165,0.002989842,0.001184096,0.000516858,0.00049436,0.000882151,0.00813527,0.002468839,0.00042509,0.005423158,0.000356413,0.000574286,0.011329605,0.000505609,0.001077527,0.002628692,0.001148573,0.0017347,0.003984482,0.002918796,0.000976879,0.000781503,0.001687336,0.001000561,0.000722298,0.000680855,0.00272342,0.001645893,0.000793344,0.002468839,0.003043126,0.001332108,0.002237941,0.002036645,0.00259909,0.00044818,0.002001122,0.004102892,0.007537775,0.00272342,0.000893992,0.000852549,0.000710457,0.001403153,0.007744578,0.002001122,0.001367631,0.002125452,0.000722298,0.000574286,0.002989842,0.001308426,0.000852549,0.000367662,0.00047127,0.000574286,0.001036084,0.001870871,0.000680855,0.000840708,0.000586127,0.000586127,0.000586127,0.001343949,0.003380593,0.000882151,0.001817587,0.001024243,0.003617412,0.00321482,0.002676056,0.000680855,0.001426835,0.001503802,0.004345631,0.000539948,0.00185903,0.000953197,0.002380032,0.006342727,0.000917674,0.002628692,0.001272903,0.007916923,0.003629253,0.017155297,0.007514804,0.026244237,0.010329932,0.005286987,0.00985884,0.004736383,0.004777826,0.012570597,0.00544684,0.006342727,0.007997382,0.004310108,0.003735822,0.005275146,0.001574847,0.00044818,0.028599818
"15","bsc15","pge","control",NA,2018,"pgecontrol",4.61837238,13.45869297,4.993553009,28.90114613,1.627906977,15.15116279,0.744948379,1.026235969,0.870893195,1.014402231,0.924441049,0.167039412,0.144097624,0.241763338,0.551034888,0.688283435,0.912506911,12.22625043,5.699,5.616,24.91606154,15.36530403,49.2938875,35.34080848,5.564915198,6.294446625,9.929364106,6.967673111,5.105,0.23,0,0.206666667,0.52,0.676666667,0,0.666666667,4.296666667,0.723333333,0.106666667,0.85,1.413333333,1.923333333,53.4,61.05,70.26666667,68.33333333,60.4,57.6,69.63333333,65.43333333,53.16666667,56.5,67.8,67.3,56.16666667,58.93333333,58.05,68.05,79.03333333,75.23333333,66.8,64.36666667,77.93333333,72.4,58.03333333,62.43333333,75.43333333,74.7,61.8,65.3,48.7,54.05,61.43333333,61.36666667,54,50.9,61.33333333,58.5,48.3,50.6,60.13333333,59.8,50.56666667,52.66666667,0.000698055,0.008002063,0.003364936,0.025146175,0.008376544,0.004802333,0.003370441,0.002060113,0.004097411,0.001745137,0.002511295,0.022557754,0.044999846,0.001861479,0.000908039,0.002616287,0.002891309,0.008349019,0.005143784,0.003073058,0.007792789,0.000837098,0.011939745,0.016703543,0.022249333,0.003904652,0.004290171,0.012809901,0.00122869,0.005865249,0.015370769,0.00135922,0.004080896,0.001112347,0.001064108,0.006013941,0.00193242,0.010056274,0.002108352,0.001679872,0.040362748,0.004725235,0.002769518,0.000627114,0.004460882,0.013735108,0.00223037,0.004020313,0.003623784,0.003519133,0.005600896,0.003822049,0.001662846,0.001546503,0.001152074,0.002582235,0.005347554,0.010876857,0.00151529,0.001915394,0.004449872,0.001217339,0.00245738,0.002295635,0.000876825,0.002190643,0.007341181,0.000820072,0.003309858,0.001217339,0.000743457,0.005788123,0.0008825,0.011086132,0.000695217,0.001083971,0.004185519,0.002831946,0.002184968,0.000953441,0.003607269,0.001257066,0.000970466,0.004361764,0.001432999,0.001387597,0.002891309,0.000913714,0.00128828,0.000825748,0.017573671,0.000891013,0.002675877,0.004157995,0.002732629,0.005430157,0.004328706,0.001625957,0.009692774,0.004240598,0.000891013,0.000947765,0.001415973,0.01474845,0.00473074,0.000902364,0.009670755,0.001018706,0.000996005,0.015332234,0.000896688,0.001739462,0.004796828,0.001878505,0.002400627,0.005485235,0.004895946,0.001603256,0.001293955,0.002841736,0.001889856,0.001123698,0.001194638,0.003001465,0.002031737,0.000902364,0.002522645,0.003546686,0.002142404,0.003673357,0.00376697,0.008299446,0.001481238,0.006994225,0.012330769,0.019583842,0.008453642,0.003139147,0.001756487,0.001398947,0.002902319,0.015244098,0.005793628,0.003761465,0.007390754,0.00324377,0.001580555,0.008167269,0.003689872,0.002108352,0.002224695,0.002009036,0.002973912,0.003728407,0.005826686,0.001640145,0.003717397,0.001503939,0.001257066,0.001095322,0.002224695,0.005226387,0.00158623,0.002732629,0.001750812,0.005810171,0.004747255,0.007286103,0.00093074,0.001909719,0.001679872,0.00775973,0.001140724,0.004703215,0.001387597,0.003238265,0.005793628,0.000661166,0.003293343,0.00128828,0.00099033,0.000578875,0.001083971,0.000351865,0.001370571,0.000473883,0.000303625,0.000428481,0.000275249,9.36415e-05,0.000434156,0.000363215,0.000314976,0.000919389,0.000544823,0.000385916,0.000604413,0.006096544,0.001509614,0.021241523
"16","bsc16","pge","control",NA,2018,"pgecontrol",4.61837238,13.45869297,4.993553009,28.90114613,1.627906977,15.15116279,0.744948379,1.026235969,0.870893195,1.014402231,0.924441049,0.167039412,0.144097624,0.241763338,0.551034888,0.688283435,0.912506911,12.22625043,5.699,5.616,24.91606154,15.36530403,49.2938875,35.34080848,5.564915198,6.294446625,9.929364106,6.967673111,5.105,0.23,0,0.206666667,0.52,0.676666667,0,0.666666667,4.296666667,0.723333333,0.106666667,0.85,1.413333333,1.923333333,53.4,61.05,70.26666667,68.33333333,60.4,57.6,69.63333333,65.43333333,53.16666667,56.5,67.8,67.3,56.16666667,58.93333333,58.05,68.05,79.03333333,75.23333333,66.8,64.36666667,77.93333333,72.4,58.03333333,62.43333333,75.43333333,74.7,61.8,65.3,48.7,54.05,61.43333333,61.36666667,54,50.9,61.33333333,58.5,48.3,50.6,60.13333333,59.8,50.56666667,52.66666667,0.000850142,0.009175194,0.003439804,0.025997599,0.010975813,0.006151479,0.006825808,0.002127018,0.005975722,0.001911803,0.003063191,0.029767406,0.03107302,0.002335044,0.001177262,0.002604059,0.003034489,0.007923378,0.003382419,0.00206603,0.013633671,0.002647102,0.011725472,0.016273602,0.028451016,0.004555319,0.005358777,0.016015362,0.001304783,0.006330822,0.014580599,0.002026572,0.004587606,0.001112577,0.001180958,0.009246938,0.004300646,0.015968733,0.002589717,0.001478508,0.051015982,0.005660079,0.004160761,0.000975815,0.004928347,0.016191119,0.001482204,0.002514387,0.001969187,0.001858004,0.002926891,0.002187988,0.001132907,0.001410127,0.000942549,0.001639295,0.003088288,0.006456366,0.001384253,0.001997889,0.004770534,0.00120868,0.00719525,0.002661462,0.000964726,0.00220233,0.003576104,0.000548896,0.003023733,0.000818724,0.000685658,0.001539496,0.000308638,0.002639931,0.000316031,0.000380716,0.000584011,0.000498996,0.000617277,0.000678265,0.002704505,0.001014626,0.000922219,0.004892493,0.001484052,0.001345442,0.002392447,0.001025715,0.001060829,0.000877864,0.01134884,0.000835357,0.003091874,0.005387479,0.003063191,0.005667249,0.004160761,0.001430456,0.007324379,0.003195905,0.000789153,0.001315872,0.002019401,0.024745784,0.007833707,0.001251187,0.013361071,0.00091113,0.001116273,0.013863228,0.001356531,0.001990718,0.005014433,0.001788994,0.002704505,0.005276277,0.005014433,0.0015857,0.00142676,0.002822859,0.001700284,0.001121818,0.001216073,0.003920448,0.002507216,0.001068222,0.003292748,0.002657876,0.002460588,0.003615561,0.003705233,0.006155065,0.00101093,0.005071836,0.009440623,0.01577503,0.006700264,0.002446246,0.002044517,0.001604181,0.003091874,0.017833889,0.005541706,0.003210247,0.006259078,0.002539503,0.001273365,0.006850906,0.003357303,0.001983529,0.001365771,0.001491445,0.001983529,0.002453417,0.003852289,0.001711373,0.004178706,0.001582003,0.001291846,0.001112577,0.002231031,0.005412576,0.001471115,0.002417545,0.00186876,0.006216035,0.004322177,0.00388099,0.001151388,0.001962017,0.002166476,0.007693821,0.001108881,0.006850906,0.001617118,0.003583274,0.009383238,0.001241946,0.004605533,0.001962017,0.000552592,0.000332664,0.000937004,0.000282765,0.001441545,0.000484211,0.000323424,0.000423223,0.000190358,0.00024765,0.000430615,0.000404741,0.00046573,0.000922219,0.000519326,0.000393653,0.000720773,0.002030157,0.000182965,0.015219075
"17","bsc17","rc","burn",2012,2018,"rcburn",6.535063114,13.95652174,5.617824773,23.04984894,2.026699029,19.55339806,NA,NA,NA,NA,NA,NA,NA,NA,NA,NA,NA,NA,NA,NA,NA,NA,NA,NA,NA,NA,NA,NA,5.105,0.23,0,0.206666667,0.52,0.676666667,0,0.666666667,4.296666667,0.723333333,0.106666667,0.85,1.413333333,1.923333333,53.4,61.05,70.26666667,68.33333333,60.4,57.6,69.63333333,65.43333333,53.16666667,56.5,67.8,67.3,56.16666667,58.93333333,58.05,68.05,79.03333333,75.23333333,66.8,64.36666667,77.93333333,72.4,58.03333333,62.43333333,75.43333333,74.7,61.8,65.3,48.7,54.05,61.43333333,61.36666667,54,50.9,61.33333333,58.5,48.3,50.6,60.13333333,59.8,50.56666667,52.66666667,0.000636713,0.007199497,0.003218281,0.022334574,0.006345236,0.004768332,0.006836834,0.002130304,0.005372767,0.002213575,0.002468787,0.02609013,0.020451411,0.002482213,0.001155773,0.002259253,0.002659524,0.008427177,0.0032747,0.001574218,0.006060473,0.000617335,0.015368778,0.018947038,0.022721405,0.004064501,0.004534617,0.012977906,0.001117017,0.006423136,0.01182814,0.001797193,0.003763626,0.001039504,0.001254048,0.009268013,0.004029565,0.014616598,0.002192093,0.001466766,0.047710118,0.00541306,0.003266644,0.000836032,0.004671621,0.014200215,0.000937076,0.001915386,0.001678985,0.001697796,0.003468122,0.001947623,0.000759903,0.001056114,0.00092185,0.00168974,0.002839506,0.004298216,0.001187609,0.001805248,0.004249854,0.001359244,0.00413166,0.002111494,0.000757135,0.002404312,0.008768345,0.000885862,0.003615867,0.001539296,0.000805581,0.00983484,0.001805248,0.020405748,0.000674086,0.0011447,0.00610615,0.002036278,0.002170597,0.001270658,0.002119549,0.001002131,0.00074883,0.003519156,0.001224981,0.001278963,0.002022838,0.000800044,0.001022894,0.000730836,0.008666263,0.000696232,0.002487584,0.004373431,0.002557428,0.004848918,0.003400963,0.001456025,0.007728717,0.002659524,0.000816654,0.001507059,0.002380131,0.015841593,0.004220302,0.000842953,0.009893943,0.001117017,0.001162694,0.023564939,0.001321872,0.002130304,0.00473878,0.001759585,0.002627287,0.005584986,0.004951,0.001840171,0.001378623,0.003527212,0.001781067,0.001176535,0.001133627,0.004867729,0.003535281,0.001410348,0.004779073,0.004773703,0.002490269,0.004002712,0.003833471,0.005300223,0.000919082,0.005090689,0.010613886,0.016795251,0.006801911,0.002280735,0.002057774,0.001039504,0.002141045,0.012703898,0.00380929,0.002106123,0.003081277,0.001335714,0.000856795,0.00342513,0.001678985,0.001394236,0.000645018,0.000582731,0.000867868,0.001778382,0.002699817,0.000776513,0.000975832,0.001190377,0.000953686,0.000794507,0.001926141,0.004365376,0.001202834,0.002879799,0.001488248,0.005507086,0.004370746,0.003777053,0.000899704,0.001259585,0.001512429,0.006565511,0.000699,0.002938903,0.001348171,0.002887855,0.00730695,0.000993826,0.003167247,0.001703167,0.006565511,0.003658845,0.011301606,0.003543337,0.018511844,0.005977201,0.002992622,0.005579616,0.002826066,0.003172618,0.00764276,0.004840862,0.005533938,0.00685833,0.003642734,0.002361334,0.004650125,0.002809954,0.000657476,0.009939607
"18","bsc18","rc","burn",2012,2018,"rcburn",6.535063114,13.95652174,5.617824773,23.04984894,2.026699029,19.55339806,NA,NA,NA,NA,NA,NA,NA,NA,NA,NA,NA,NA,NA,NA,NA,NA,NA,NA,NA,NA,NA,NA,5.105,0.23,0,0.206666667,0.52,0.676666667,0,0.666666667,4.296666667,0.723333333,0.106666667,0.85,1.413333333,1.923333333,53.4,61.05,70.26666667,68.33333333,60.4,57.6,69.63333333,65.43333333,53.16666667,56.5,67.8,67.3,56.16666667,58.93333333,58.05,68.05,79.03333333,75.23333333,66.8,64.36666667,77.93333333,72.4,58.03333333,62.43333333,75.43333333,74.7,61.8,65.3,48.7,54.05,61.43333333,61.36666667,54,50.9,61.33333333,58.5,48.3,50.6,60.13333333,59.8,50.56666667,52.66666667,0.000820794,0.004184451,0.001593306,0.011289946,0.003871017,0.006362302,0.009380276,0.002552669,0.005783917,0.002303867,0.003017974,0.033789039,0.029287925,0.002937194,0.001548354,0.00304383,0.003392793,0.010682475,0.004016429,0.001854728,0.007855131,0.00071757,0.013209288,0.01799798,0.03135268,0.005567414,0.006245975,0.018395424,0.001945198,0.009396442,0.019403569,0.002265092,0.004837157,0.00129196,0.002122926,0.01273431,0.005916393,0.020835013,0.002668995,0.001634928,0.061164065,0.00662727,0.004219996,0.001102161,0.011600132,0.024395827,0.001195396,0.001799803,0.001661567,0.001719022,0.003202162,0.001770717,0.000830783,0.00096564,0.000807475,0.001336912,0.002484825,0.005082729,0.000895714,0.002219856,0.006026259,0.001825642,0.004649756,0.003399252,0.001175417,0.002074461,0.004995488,0.000617677,0.002950113,0.000920688,0.000597698,0.006262142,0.001060539,0.016110936,0.000391251,0.000532767,0.001773947,0.000947326,0.000982289,0.000855757,0.002578525,0.001057209,0.000840773,0.003942108,0.001386859,0.001353561,0.00209707,0.000937337,0.001120475,0.000807475,0.007809896,0.000679278,0.001405173,0.002352332,0.001453455,0.002921044,0.002242482,0.000762523,0.003547894,0.001315268,0.000820794,0.000943996,0.001395183,0.012375641,0.003725622,0.000679278,0.008242885,0.000875736,0.00104722,0.023016094,0.000697592,0.001790097,0.003964734,0.001315268,0.002265092,0.004969649,0.004310467,0.001773947,0.001153773,0.003289402,0.001535034,0.00104056,0.000982289,0.003867787,0.002610841,0.001163763,0.003357247,0.004966403,0.002290947,0.003622215,0.003360494,0.002811178,0.000462841,0.002355579,0.004704681,0.007900366,0.003273236,0.001072193,0.001922589,0.000879065,0.001719022,0.010559672,0.003118151,0.001644918,0.002223086,0.000817464,0.000584379,0.002568835,0.001105491,0.001082183,0.000526107,0.000546086,0.000789161,0.000920688,0.001496742,0.000552746,0.000772512,0.001140454,0.000697592,0.000462841,0.001606625,0.003651301,0.001178747,0.00199368,0.001030571,0.00453343,0.003169846,0.002323263,0.000765852,0.001256997,0.001421822,0.004888868,0.000659299,0.00199691,0.001906423,0.002048605,0.005661131,0.000684272,0.002219856,0.001123805,0.007018238,0.003683617,0.013435481,0.004142445,0.022470025,0.006856676,0.003460654,0.007454457,0.003386333,0.00409721,0.009726025,0.004917938,0.006010093,0.006930997,0.003845178,0.002730397,0.004791921,0.001764257,0.000251399,0.0129314
"19","bsc19","rc","burn",2012,2018,"rcburn",6.535063114,13.95652174,5.617824773,23.04984894,2.026699029,19.55339806,NA,NA,NA,NA,NA,NA,NA,NA,NA,NA,NA,NA,NA,NA,NA,NA,NA,NA,NA,NA,NA,NA,5.105,0.23,0,0.206666667,0.52,0.676666667,0,0.666666667,4.296666667,0.723333333,0.106666667,0.85,1.413333333,1.923333333,53.4,61.05,70.26666667,68.33333333,60.4,57.6,69.63333333,65.43333333,53.16666667,56.5,67.8,67.3,56.16666667,58.93333333,58.05,68.05,79.03333333,75.23333333,66.8,64.36666667,77.93333333,72.4,58.03333333,62.43333333,75.43333333,74.7,61.8,65.3,48.7,54.05,61.43333333,61.36666667,54,50.9,61.33333333,58.5,48.3,50.6,60.13333333,59.8,50.56666667,52.66666667,0.000548857,0.006718875,0.002856337,0.013945284,0.004913015,0.005615293,0.004160564,0.002260287,0.00434646,0.002174705,0.002924206,0.024491289,0.055108338,0.002018319,0.001100755,0.00246978,0.003133699,0.009997163,0.007193948,0.00461499,0.011316153,0.001047541,0.011206974,0.016364892,0.024951599,0.004440891,0.005370375,0.015582945,0.001947499,0.007238207,0.022089363,0.00181471,0.004709405,0.001354658,0.001761603,0.00902637,0.002997975,0.012832838,0.002201266,0.00190914,0.046946546,0.004907115,0.002791416,0.000938074,0.003529104,0.014187237,0.003074693,0.004287454,0.004219585,0.003915661,0.005458907,0.005031042,0.00197701,0.001480849,0.001109877,0.003508443,0.007459513,0.013721013,0.001319689,0.001670121,0.003458285,0.001115958,0.001546195,0.002171755,0.000831647,0.001587504,0.00250224,0.000225016,0.002174705,0.000507807,0.000380095,0.001091632,0.000232618,0.00187963,0.000235659,0.000232618,0.000259985,0.000386176,0.000369452,0.000469797,0.002640929,0.000931993,0.000817964,0.004355324,0.001233028,0.001380504,0.002646828,0.000717619,0.001047541,0.000592948,0.013682654,0.000595989,0.003074693,0.005178579,0.00313075,0.005349728,0.00434941,0.002717648,0.01341119,0.004367122,0.001210222,0.001345536,0.002360602,0.014612153,0.004426128,0.001223905,0.012475807,0.001714395,0.001433718,0.025155208,0.001210222,0.003139598,0.00698739,0.002283883,0.003225181,0.006943131,0.006096265,0.002564211,0.001956348,0.004473351,0.00236945,0.001383545,0.001339454,0.003080593,0.002201266,0.001044501,0.002552398,0.002803215,0.001587504,0.00375336,0.00323108,0.009147347,0.001555044,0.007766386,0.015063614,0.023954245,0.009407013,0.003207468,0.001345536,0.001377464,0.002629131,0.014140029,0.004774326,0.002720597,0.005022193,0.002089138,0.001310567,0.005287758,0.002906494,0.001720294,0.001525549,0.00148389,0.002260287,0.002086188,0.003000925,0.001097714,0.001667172,0.001269517,0.001198059,0.000900065,0.00187963,0.004440891,0.001271037,0.003865488,0.001917989,0.005792341,0.005367426,0.006075603,0.000859014,0.001962247,0.001470207,0.007524433,0.000871177,0.004148765,0.001109877,0.002360602,0.004160564,0.000336004,0.002416673,0.0012832,0.00072066,0.000460675,0.000477399,0.000112204,0.000617274,0.000225016,0.000103234,0.00012984,0.000112204,8.55974e-05,0.00013577,0.00015964,0.000121022,0.000595989,0.000313198,0.000366411,0.000624876,0.001392667,0.000266066,0.0128535
"20","bsc20","rc","burn",2012,2018,"rcburn",6.535063114,13.95652174,5.617824773,23.04984894,2.026699029,19.55339806,NA,NA,NA,NA,NA,NA,NA,NA,NA,NA,NA,NA,NA,NA,NA,NA,NA,NA,NA,NA,NA,NA,5.105,0.23,0,0.206666667,0.52,0.676666667,0,0.666666667,4.296666667,0.723333333,0.106666667,0.85,1.413333333,1.923333333,53.4,61.05,70.26666667,68.33333333,60.4,57.6,69.63333333,65.43333333,53.16666667,56.5,67.8,67.3,56.16666667,58.93333333,58.05,68.05,79.03333333,75.23333333,66.8,64.36666667,77.93333333,72.4,58.03333333,62.43333333,75.43333333,74.7,61.8,65.3,48.7,54.05,61.43333333,61.36666667,54,50.9,61.33333333,58.5,48.3,50.6,60.13333333,59.8,50.56666667,52.66666667,0.001376724,0.020999404,0.008469012,0.027001657,0.013586329,0.005587584,0.004540172,0.001766612,0.005634612,0.001389941,0.002787371,0.025338641,0.023966322,0.001991294,0.001055121,0.00174899,0.001799654,0.00493777,0.003903178,0.003142213,0.012714212,0.00267622,0.005694461,0.008640012,0.031063037,0.003394451,0.004176783,0.013304177,0.00083044,0.004330689,0.008601552,0.001757801,0.004394834,0.00089432,0.000986836,0.006558031,0.003172149,0.012402126,0.002539428,0.001063932,0.04199024,0.005442224,0.003864718,0.000731316,0.009469395,0.024295502,0.001817276,0.001522106,0.000469188,0.000881103,0.00163665,0.000685058,0.000482404,0.001449415,0.001158651,0.000563906,0.001103582,0.001372319,0.001471443,0.005224194,0.012367917,0.004292229,0.090765087,0.008691314,0.003488509,0.002804486,0.00493777,0.000744532,0.003450027,0.00083044,0.000731316,0.002577888,0.000546284,0.004762474,0.000473593,0.000603556,0.00131725,0.000859076,0.000759952,0.00118949,0.003304667,0.001773221,0.001495673,0.007404507,0.002885702,0.002697608,0.004429021,0.001911994,0.002603551,0.001885561,0.009418093,0.001180679,0.003082364,0.004959137,0.003001126,0.005779972,0.004048538,0.000936172,0.005579037,0.002334219,0.00061457,0.000991241,0.001568364,0.014180567,0.005429403,0.000909739,0.009153035,0.000731316,0.00098243,0.011085383,0.000867887,0.00162123,0.004198172,0.001773221,0.002261528,0.005309706,0.004895014,0.001264383,0.001055121,0.002556522,0.001704935,0.001171868,0.001145434,0.004381992,0.002539428,0.001176273,0.003031062,0.002231615,0.00244537,0.003715085,0.004134049,0.003526969,0.000623381,0.003364516,0.00558331,0.00923425,0.003792027,0.001548539,0.002885702,0.001050716,0.002121257,0.01659175,0.003992963,0.002103634,0.004279387,0.001826087,0.001050716,0.004467503,0.002035349,0.001345886,0.000508837,0.000603556,0.000821629,0.001035297,0.001795248,0.00102208,0.001839303,0.001240153,0.000905334,0.000718099,0.002308557,0.005792793,0.001526512,0.002149892,0.001552945,0.005968066,0.004305049,0.003437207,0.001218126,0.001282006,0.002522313,0.006297246,0.001044108,0.003702264,0.00592531,0.001766612,0.002599277,0.000389888,0.003065271,0.00089432,0.001907589,0.0012776,0.001766612,0.000526459,0.003039609,0.000991241,0.000568312,0.000704883,0.000389888,0.000466985,0.001226937,0.000612367,0.000722505,0.001418577,0.000687261,0.000603556,0.001248964,0.000427335,2.13668e-05,0.014582438
"21","bsc21","rc","control",NA,2018,"rccontrol",6.535063114,13.95652174,5.617824773,23.04984894,2.517301038,18.53633218,NA,NA,NA,NA,NA,NA,NA,NA,NA,NA,NA,NA,NA,NA,NA,NA,NA,NA,NA,NA,NA,NA,5.105,0.23,0,0.206666667,0.52,0.676666667,0,0.666666667,4.296666667,0.723333333,0.106666667,0.85,1.413333333,1.923333333,53.4,61.05,70.26666667,68.33333333,60.4,57.6,69.63333333,65.43333333,53.16666667,56.5,67.8,67.3,56.16666667,58.93333333,58.05,68.05,79.03333333,75.23333333,66.8,64.36666667,77.93333333,72.4,58.03333333,62.43333333,75.43333333,74.7,61.8,65.3,48.7,54.05,61.43333333,61.36666667,54,50.9,61.33333333,58.5,48.3,50.6,60.13333333,59.8,50.56666667,52.66666667,0.000911266,0.006402103,0.002500526,0.024078555,0.007429325,0.005836649,0.005607327,0.002450269,0.00554451,0.002211527,0.002736128,0.027741374,0.033044002,0.002616757,0.001209086,0.002871199,0.00336126,0.009697389,0.003150794,0.001737167,0.007316234,0.000606971,0.017280642,0.022470179,0.030823055,0.005280631,0.004982196,0.016049219,0.001821997,0.007799998,0.018254466,0.002013606,0.004743454,0.001312676,0.001372564,0.00941467,0.003047124,0.013435618,0.002553924,0.001539278,0.053233541,0.006147645,0.00346179,0.000908029,0.004605243,0.017013623,0.001115208,0.002993727,0.002780105,0.002623037,0.004375921,0.002792665,0.00112492,0.001268974,0.001071506,0.003904717,0.005236654,0.006398963,0.001353141,0.002246068,0.005268071,0.001476153,0.003414657,0.002469109,0.001031041,0.002437693,0.003395817,0.000480721,0.002654454,0.000647436,0.000490433,0.001859694,0.000320481,0.003427233,0.000404647,0.000464535,0.000788253,0.001081218,0.000788253,0.000754263,0.002459689,0.001118445,0.000857852,0.004234553,0.001438926,0.001620936,0.002616757,0.000908029,0.001215561,0.000904791,0.007404188,0.001115208,0.004231413,0.007479582,0.004350784,0.007671207,0.005704718,0.001061795,0.007812574,0.003245029,0.000888606,0.001092548,0.001853398,0.022269118,0.006194762,0.00107798,0.013611527,0.001035897,0.001145961,0.021348707,0.001081218,0.002035603,0.005717278,0.001774864,0.002695291,0.006405243,0.005428279,0.001859694,0.001508525,0.00346493,0.001821997,0.001299727,0.00115891,0.003260729,0.001916232,0.000844904,0.002346598,0.002864919,0.002255504,0.003920418,0.003446074,0.003725653,0.000710561,0.003430373,0.007033515,0.011588484,0.004391621,0.00154899,0.002051303,0.001413028,0.002748688,0.014714142,0.005089007,0.002761265,0.005312048,0.00218325,0.001259262,0.005890063,0.003125658,0.001869115,0.001228509,0.001152436,0.001615352,0.002839799,0.004467015,0.00112492,0.001315913,0.00178116,0.001294871,0.001118445,0.002500526,0.005871206,0.001787441,0.003493191,0.002645034,0.007108909,0.005340325,0.007448165,0.001071506,0.001812561,0.001825137,0.00721886,0.001089311,0.003021987,0.001492339,0.005651305,0.008723565,0.001035897,0.005321468,0.002129837,0.001048846,0.000650673,0.000822243,0.000310769,0.001359615,0.000461298,0.000250881,0.000260593,0.000153928,0.000194231,0.000433782,0.00039008,0.000386843,0.000898317,0.000373894,0.000330192,0.000471009,0.005032469,0.001278686,0.024395831
"22","bsc22","rc","control",NA,2018,"rccontrol",6.535063114,13.95652174,5.617824773,23.04984894,2.517301038,18.53633218,NA,NA,NA,NA,NA,NA,NA,NA,NA,NA,NA,NA,NA,NA,NA,NA,NA,NA,NA,NA,NA,NA,5.105,0.23,0,0.206666667,0.52,0.676666667,0,0.666666667,4.296666667,0.723333333,0.106666667,0.85,1.413333333,1.923333333,53.4,61.05,70.26666667,68.33333333,60.4,57.6,69.63333333,65.43333333,53.16666667,56.5,67.8,67.3,56.16666667,58.93333333,58.05,68.05,79.03333333,75.23333333,66.8,64.36666667,77.93333333,72.4,58.03333333,62.43333333,75.43333333,74.7,61.8,65.3,48.7,54.05,61.43333333,61.36666667,54,50.9,61.33333333,58.5,48.3,50.6,60.13333333,59.8,50.56666667,52.66666667,0.00086576,0.007595406,0.00300396,0.0265375,0.008713948,0.005187336,0.005568345,0.00208638,0.004762383,0.00207128,0.00263274,0.025648536,0.032125375,0.002207184,0.001240755,0.002275136,0.002745088,0.007790781,0.004073677,0.002486543,0.008318316,0.000928678,0.013559384,0.018014045,0.026239543,0.004244639,0.004630506,0.014140651,0.001484879,0.006594069,0.016885738,0.001656017,0.004142056,0.00120552,0.00151508,0.00909984,0.003433795,0.013539854,0.002456342,0.001416927,0.047003583,0.005109191,0.003155392,0.000782707,0.005148276,0.01835597,0.001686218,0.002769525,0.002476476,0.002315404,0.003648724,0.002715793,0.001167769,0.001328841,0.000928678,0.002350638,0.004444896,0.007292566,0.001459711,0.001822122,0.004483981,0.001245788,0.003594992,0.002666943,0.001026831,0.001930342,0.00331659,0.00044043,0.002857435,0.000782707,0.000601502,0.001577998,0.000296976,0.002759735,0.000327177,0.000445464,0.000551167,0.000717272,0.00066442,0.000717272,0.003057692,0.001044449,0.000825492,0.004347196,0.001525147,0.001593099,0.002368256,0.000782707,0.001074649,0.000835559,0.00932451,0.000840592,0.002764618,0.004576774,0.002837905,0.005622053,0.004132292,0.001459711,0.00895329,0.003873419,0.000918611,0.00129864,0.001947959,0.022033989,0.006071442,0.001021798,0.012636217,0.00099663,0.001109884,0.022815513,0.001006697,0.002061213,0.005153158,0.001895108,0.002506677,0.006208202,0.00550973,0.001837223,0.00142196,0.003643842,0.001817089,0.001152669,0.001225654,0.002999077,0.00207128,0.000928678,0.002491576,0.002857435,0.002486543,0.003922244,0.003761072,0.007038577,0.001220621,0.00601771,0.011600703,0.019757821,0.007844513,0.00249661,0.001973127,0.001542764,0.002901403,0.018536697,0.005382736,0.003624312,0.006740619,0.002720675,0.001557864,0.00641825,0.003419147,0.002008361,0.00163085,0.001343941,0.002134199,0.003326355,0.005333886,0.001416927,0.002715793,0.001691252,0.001200487,0.001094783,0.002310371,0.0053925,0.001459711,0.003282387,0.002061213,0.006574539,0.005021281,0.00557811,0.001034382,0.002096447,0.002061213,0.007756604,0.001044449,0.004669591,0.001265922,0.00338497,0.006481747,0.000737406,0.004181142,0.001572965,0.001142602,0.000679521,0.001059549,0.000488248,0.001527663,0.000699655,0.000264258,0.000362411,0.000224745,0.00021493,0.000528516,0.000689588,0.000898477,0.001192936,0.000782707,0.000468114,0.000752506,0.01193772,0.00263274,0.015527829
"23","bsc23","rc","control",NA,2018,"rccontrol",6.535063114,13.95652174,5.617824773,23.04984894,2.517301038,18.53633218,NA,NA,NA,NA,NA,NA,NA,NA,NA,NA,NA,NA,NA,NA,NA,NA,NA,NA,NA,NA,NA,NA,5.105,0.23,0,0.206666667,0.52,0.676666667,0,0.666666667,4.296666667,0.723333333,0.106666667,0.85,1.413333333,1.923333333,53.4,61.05,70.26666667,68.33333333,60.4,57.6,69.63333333,65.43333333,53.16666667,56.5,67.8,67.3,56.16666667,58.93333333,58.05,68.05,79.03333333,75.23333333,66.8,64.36666667,77.93333333,72.4,58.03333333,62.43333333,75.43333333,74.7,61.8,65.3,48.7,54.05,61.43333333,61.36666667,54,50.9,61.33333333,58.5,48.3,50.6,60.13333333,59.8,50.56666667,52.66666667,0.001018605,0.014049301,0.005462428,0.046026632,0.015532872,0.005594699,0.006634984,0.001838277,0.005548227,0.001672501,0.002581067,0.028774234,0.020669973,0.002273625,0.001178855,0.002262905,0.00234513,0.00668503,0.002284345,0.001379629,0.005877109,0.000513907,0.012504946,0.016594615,0.025528256,0.004339918,0.0047117,0.014753538,0.000990975,0.005812769,0.010610249,0.001848224,0.004086096,0.000972556,0.000897035,0.009115958,0.004061064,0.015289788,0.002509562,0.00115491,0.046884599,0.005301551,0.003850159,0.0009394,0.00556252,0.017709978,0.000893351,0.001873238,0.001055444,0.001479095,0.002220005,0.001177013,0.000574692,0.001344632,0.000990975,0.001040708,0.001672501,0.002806283,0.001538038,0.002416616,0.005612566,0.001591454,0.008933641,0.003388988,0.001429362,0.002588213,0.003918073,0.000574692,0.00302078,0.000690735,0.00047891,0.001819858,0.000331553,0.003549864,0.000364708,0.000372076,0.000710997,0.000593112,0.000633635,0.000915455,0.002245019,0.001219378,0.00093019,0.004761746,0.001580403,0.001595138,0.003135165,0.001219378,0.001412784,0.001090441,0.007028224,0.001433046,0.005112087,0.010066871,0.005122807,0.009548524,0.006724356,0.001132806,0.007542997,0.003027926,0.000904403,0.001976903,0.00344618,0.025467471,0.00798271,0.0014091,0.015254036,0.001143858,0.001294899,0.01717732,0.002080587,0.002284345,0.005426676,0.002259331,0.003074399,0.006595658,0.005916435,0.001976903,0.0016154,0.003639236,0.001748021,0.001361209,0.001311476,0.004979816,0.002856329,0.001261743,0.003989577,0.0030315,0.003063679,0.004540103,0.004450731,0.004154009,0.000771782,0.003467639,0.006527745,0.010846204,0.004783186,0.001611716,0.003067252,0.001318844,0.002884935,0.01629432,0.004894017,0.002927834,0.004400685,0.001994789,0.001011237,0.004633048,0.00220212,0.001725918,0.000797569,0.000755204,0.001208327,0.002084161,0.003163771,0.001283847,0.002051982,0.001725918,0.001304109,0.00105176,0.002509562,0.006835186,0.001883958,0.003038647,0.002026968,0.006956719,0.004894017,0.00408967,0.001340948,0.001600664,0.002620392,0.007178362,0.001116228,0.002920687,0.002062702,0.003242423,0.008014889,0.000943084,0.005326583,0.001862517,0.001307792,0.000815989,0.001421994,0.000508381,0.002173533,0.000843618,0.000390496,0.000539695,0.000278136,0.000265242,0.000650212,0.000512065,0.000561798,0.001048076,0.00057285,0.000390496,0.000710997,0.002380864,0.000626267,0.029028056
"24","bsc24","rc","control",NA,2018,"rccontrol",6.535063114,13.95652174,5.617824773,23.04984894,2.517301038,18.53633218,NA,NA,NA,NA,NA,NA,NA,NA,NA,NA,NA,NA,NA,NA,NA,NA,NA,NA,NA,NA,NA,NA,5.105,0.23,0,0.206666667,0.52,0.676666667,0,0.666666667,4.296666667,0.723333333,0.106666667,0.85,1.413333333,1.923333333,53.4,61.05,70.26666667,68.33333333,60.4,57.6,69.63333333,65.43333333,53.16666667,56.5,67.8,67.3,56.16666667,58.93333333,58.05,68.05,79.03333333,75.23333333,66.8,64.36666667,77.93333333,72.4,58.03333333,62.43333333,75.43333333,74.7,61.8,65.3,48.7,54.05,61.43333333,61.36666667,54,50.9,61.33333333,58.5,48.3,50.6,60.13333333,59.8,50.56666667,52.66666667,0.000861599,0.002318451,0.000883798,0.009712732,0.003056262,0.003637904,0.004741916,0.001987241,0.003872159,0.001814908,0.001901081,0.019692033,0.015822565,0.002339997,0.000915709,0.001938778,0.002283446,0.007536994,0.00267659,0.001284768,0.005770549,0.000417619,0.018728041,0.022616364,0.016915825,0.003543655,0.003699826,0.01012741,0.001112725,0.005972505,0.011804989,0.001645266,0.003134347,0.00095317,0.001456768,0.006252545,0.002401933,0.009327663,0.002000713,0.001359689,0.037865362,0.00485502,0.002760058,0.000724243,0.005320866,0.013329089,0.000832463,0.002951247,0.003990646,0.003295915,0.005972505,0.003110123,0.001219558,0.001030866,0.000886573,0.002267296,0.00488195,0.005813629,0.001233432,0.002838157,0.00726772,0.001944161,0.0035248,0.002315759,0.000869924,0.004370319,0.028397679,0.002865073,0.007612387,0.004173747,0.002024938,0.031707066,0.005530897,0.05943156,0.002146117,0.003837154,0.02477863,0.008492911,0.007779337,0.003584044,0.002463854,0.001021154,0.000781128,0.00395295,0.001225108,0.001580639,0.002412699,0.000792227,0.000944845,0.000678457,0.007230023,0.000729792,0.002477326,0.004577671,0.002525789,0.005409718,0.003896398,0.001208459,0.007900516,0.003987955,0.000786677,0.000686782,0.001290317,0.011196431,0.003320153,0.000649321,0.007701252,0.000910159,0.001127987,0.019996312,0.000675682,0.001839146,0.004588438,0.001483698,0.002420774,0.005582052,0.00459113,0.001618335,0.001205684,0.002900092,0.001726042,0.001182097,0.001127987,0.003360541,0.002143425,0.000990631,0.002916242,0.005183538,0.001987241,0.003398238,0.003198974,0.004418796,0.000738117,0.003788691,0.008204795,0.013288687,0.005253548,0.001825674,0.001586022,0.000944845,0.001973783,0.010052016,0.003260909,0.00212457,0.003807546,0.001394847,0.000969819,0.004413413,0.00199533,0.001516012,0.000829688,0.000767253,0.001159898,0.001642574,0.00262273,0.000629897,0.000778353,0.001071102,0.00084495,0.000595211,0.001954928,0.004459184,0.001222333,0.005183538,0.002170355,0.005140444,0.006354882,0.005110822,0.000987856,0.00142716,0.001647957,0.005929425,0.000750604,0.002447704,0.001551017,0.002935097,0.005845942,0.000546651,0.002797755,0.001356914,0.000932358,0.000471729,0.001365239,0.000414844,0.002019555,0.000749217,0.000425943,0.000632672,0.000317723,0.000288587,0.000749217,0.000385708,0.000420394,0.000858824,0.000775578,0.000532776,0.000477279,0.020796059,0.004919647,0.030551871
