"","Site","Treatment","Quad","ID","cyano","Lichen","Moss","Total","Site.1","Treatment.1","Quad.1","ID.1","ng.cov","nng.cov","nnf.cov","nf.cov","BRODIA","EROBOT","FESMYU","SANARG","STIPUL","ACARAR","AVEBAR","AVEFAT","BROMAD","CENMEL","UNKNOWN","BROHOR","LASGRA","SPEMAC","LEPNIT","SALTRA","ACHMIL","EROCIC","SONOLE","DAUPUS","LUPBIC","MAFOFO","GILNEV","CALMEN","AVESPP","EROMOS","GALAPA","CRYINT","BROKIN","PTEDRY","CRACON","CALCIL","FESSPP","JEPMAL","HYPGLA","PELAND","AMBPUS","DICCAP","ALLPRA","CALMAC","OPULIT","AMSINT","AMSMEN","VIOPED"
"1","pge","none","a","pge01",0,0,0,0,"PGE","burn","A","PGE01",0.809036144578313,1.0938704028021,0.697701149425287,0.383848797250859,0.1,5,0.1,0.1,0.4,0,0,0,0,0,0,0,0,0,0,0,0,0,0,0,0,0,0,0,0,0,0,0,0,0,0,0,0,0,0,0,0,0,0,0,0,0,0,0
"2","pge","none","a","pge02",5,0,0,5,"PGE","burn","A","PGE02",0.674196787148594,0.911558669001751,0.581417624521073,0.639747995418099,0,0.666666666666667,0,1,0.833333333333333,0,0,0.0833333333333333,0.0833333333333333,0,0,0.0833333333333333,0,0,0.0833333333333333,0,0,0,0,0,0,0,0,0,0,0,0,0,0,0,0,0,0,0,0,0,0,0,0,0,0,0,0,0
"3","pge","none","a","pge03",3,0,0,3,"PGE","burn","A","PGE03",0.674196787148594,1.36733800350263,1.16283524904215,0,0.166666666666667,5.83333333333333,0,0,0.5,0,0,0,0.166666666666667,0,0,0.0833333333333333,0,0,0,0,0,0.0833333333333333,0,0,0,0,0,0,0,0,0,0,0,0,0,0,0,0,0,0,0,0,0,0,0,0,0,0
"4","pge","none","a","pge04",0,0,0,0,"PGE","burn","A","PGE04",0,1.36733800350263,1.74425287356322,0,0.125,2.75,0,0,0,0,0,0,0,0,0,0.125,0,0,0,0,0,0.25,0,0,0,0,0,0,0,0,0,0,0,0,0,0,0,0,0,0,0,0,0,0,0,0,0,0
"5","pge","none","a","pge05",0,0,0,0,"PGE","burn","A","PGE05",0,1.64080560420315,1.39540229885057,0,0.1,1,0.5,0,0,0,0,0,0.1,0,0,0,0,0,0,0,0,0.1,0,0,0,0,0,0,0,0,0,0,0,0,0,0,0,0,0,0,0,0,0,0,0,0,0,0
"6","pge","none","a","pge06",2,0,0,2,"PGE","burn","A","PGE06",0.44946452476573,0.607705779334501,1.55044699872286,0.426498663612066,0,0.222222222222222,0.111111111111111,0,1,0,0,0.111111111111111,0,0.111111111111111,0,0.111111111111111,0,0,0,0,0,0.222222222222222,0.111111111111111,0,0,0,0,0,0,0,0,0.111111111111111,0.111111111111111,0,0,0,0,0,0,0,0,0,0,0,0,0,0,0
"7","pge","none","a","pge07",1,0,0,1,"PGE","burn","A","PGE07",0.577882960413081,1.17200400300225,1.49507389162562,0,0,0.142857142857143,0,0,0.142857142857143,0,0.142857142857143,0,0.142857142857143,0.142857142857143,0,0.142857142857143,0,0,0,0,0,0.285714285714286,0,0,0,0,0,0,0,0,0,0,0,0,0,0,0,0,0,0,0,0,0,0,0,0,0,0
"8","pge","none","a","pge08",9,1,0,10,"PGE","burn","A","PGE08",0,0.455779334500876,1.74425287356322,0.639747995418099,0.166666666666667,0.5,0,0,0,0,0,0,0,0.166666666666667,0,0,0,0,0,0,0,0.166666666666667,0,0,0,0,0,0,0,0,0,0,3.33333333333333,0.166666666666667,0,0,0,0,0,0,0,0,0,0,0,0,0,0
"9","pge","none","a","pge09",4,0,0,4,"PGE","burn","A","PGE09",0,0.781336002001501,0.996715927750411,0.822533136966127,0.142857142857143,1.42857142857143,0,0,0,0,0,0,0,0,0,0,0,0,0,0,0,0.714285714285714,0,0,0,0,0,0,0,0,0,0.0714285714285714,0.857142857142857,0,0.428571428571429,0,0.714285714285714,0,0,0,0,0,0,0,0,0,0,0
"10","pge","none","a","pge10",0,0,0,0,"PGE","burn","A","PGE10",0.674196787148594,0.911558669001751,0.581417624521073,0.639747995418099,0.166666666666667,1.66666666666667,0.166666666666667,0,0.5,0,0,0,0,0,0,0,0,0,0,0,0,0,0,0,0,0,0,0,0,0,0,0,0.166666666666667,0,0.166666666666667,0,0,0,0,0,0,0,0,0,0,0,0,0
"11","pge","none","b","pge01",2,0,1,3,"PGE","burn","B","PGE02",0.577882960413081,0.781336002001501,1.49507389162562,0.274177712322042,0,0.285714285714286,0,0.0714285714285714,0.714285714285714,0,0,0.0714285714285714,0.285714285714286,0,0,0,0,0,0,0.0714285714285714,0.0714285714285714,0.0714285714285714,0,0,0,0,0,0,0,0,0,0,0,0,0,0,0,0,0,0,0,0,0,0,0,0,0,0
"12","pge","none","b","pge02",2,0,0,2,"PGE","burn","B","PGE03",0.505647590361446,1.02550350262697,0.872126436781609,0.479810996563574,0,1,0,0,0.25,0,0,0.0625,0.0625,0,0,0.0625,0,0,0.0625,0,0.0625,0.0625,0,0,0,0,0,0,0,0,0,0,0,0,0,0,0,0,0,0,0,0,0,0,0,0,0,0
"13","pge","none","b","pge03",4,0,0,4,"PGE","burn","B","PGE04",0.809036144578313,1.0938704028021,1.39540229885057,0,0.1,1.4,0,0,1.2,0,0,0,0.1,0,0,0,0,0,0,0,0,0.4,0,0,0,0,0,0,0,0,0,0,0,0,0,0,0,0,0,0,0,0,0,0,0,0,0,0
"14","pge","none","b","pge04",0,0,0,0,"PGE","burn","B","PGE05",0,2.05100700525394,0.872126436781609,0,0.125,2,0.125,0,0,0,0,0,0,0,0,0,0,0,0,0,0,0,0,0,0,0,0,0,0.125,0,0,0,0,0,0,0,0,0,0,0,0,0,0,0,0,0,0,0
"15","pge","none","b","pge05",0,0,0,0,"PGE","burn","B","PGE06",0.674196787148594,0.455779334500876,1.74425287356322,0.319873997709049,0,0.666666666666667,0.166666666666667,0,0.166666666666667,0,0,0.166666666666667,0,0.166666666666667,0,0,0,0,0,0,0,0.0833333333333333,0,0,0,0,0,0,0,0,0,0,0.166666666666667,0,0,0,0,0,0,0,0,0,0,0,0,0,0,0
"16","pge","none","b","pge06",3,2,1,6,"PGE","burn","B","PGE07",1.01129518072289,0.683669001751314,1.74425287356322,0,0.25,1.25,0,0,0.25,0,0,0,0,0,0,0,0,0,0,0,0,0.25,0,0,0,0,0,0,0,0,0,0,0,0,0,0,0,0,0,0,0,0,0,0,0,0,0,0
"17","pge","none","b","pge07",2,0,0,2,"PGE","burn","B","PGE08",0,1.0938704028021,1.39540229885057,0.383848797250859,0.2,2.4,0.2,0,0,0,0,0,0,0,0,0,0,0,0,0,0,0.2,0,0,0,0,0,0,0,0,0,0,0.4,0,0,0,0,0,0,0,0,0,0,0,0,0,0,0
"18","pge","none","b","pge08",10,1,0,11,"PGE","burn","B","PGE09",0.505647590361446,0.683669001751314,0.872126436781609,0.719716494845361,0.125,1,0,0,0.25,0,0,0,0,0,0,0,0,0,0,0,0,0.0625,0,0,0,0.0625,0,0,0,0,0,0,0.375,0,0.125,0,0.25,0,0,0,0,0,0,0,0,0,0,0
"19","pge","none","b","pge09",3,0,0,3,"PGE","burn","B","PGE10",0.505647590361446,0.683669001751314,0.872126436781609,0.719716494845361,0.125,0.875,0.125,0,0.5,0,0,0,0,0,0,0,0,0,0,0,0,0.125,0,0,0,0,0,0,0,0,0,0.125,0.25,0,0.125,0,0,0,0,0,0,0,0,0,0,0,0,0
"20","pge","none","b","pge10",0,0,0,0,"PGE","burn","C","PGE01",1.01129518072289,0.683669001751314,0.872126436781609,0.479810996563574,0,5,0,0.25,2,0,0,0.125,0,0,0,0,0,0,0,0,0,0,0,0,0,0,0,0,0,0,0,0,0,0,0,0,0,0,0,0,0,0,0,0,0,0,0,0
"21","pge","none","c","pge01",8,0,0,8,"PGE","burn","C","PGE03",0.809036144578313,1.64080560420315,0.697701149425287,0,0.6,1.6,0,0,0.8,0,0,0.1,0.1,0,0,0,0,0,0,0,0,0,0,0,0,0,0,0,0,0,0,0,0,0,0,0,0,0,0,0,0,0,0,0,0,0,0,0
"22","pge","none","c","pge02",7,0,0,7,"PGE","burn","C","PGE04",1.01129518072289,1.36733800350263,0.872126436781609,0,0.125,2.25,0,0,0.75,0,0.125,0,0.25,0,0,0,0,0,0,0,0,0,0,0,0,0,0,0,0,0,0,0,0,0,0,0,0,0,0,0,0,0,0,0,0,0,0,0
"23","pge","none","c","pge03",0,0,0,0,"PGE","burn","C","PGE05",0.809036144578313,1.0938704028021,1.39540229885057,0,0.2,1.2,0.1,0,0.4,0,0,0,0,0,0,0,0,0,0,0,0,0.1,0,0,0,0,0,0,0,0,0,0,0,0,0,0,0,0,0,0,0,0,0,0,0,0,0,0
"24","pge","none","c","pge04",0,0,0,0,"PGE","burn","C","PGE06",0.674196787148594,0.911558669001751,1.74425287356322,0,0,0.5,0.166666666666667,0,0.833333333333333,0,0.166666666666667,0,0,0.166666666666667,0,0,0,0,0,0,0,0.333333333333333,0,0,0,0,0,0,0,0,0,0,0,0,0,0,0,0,0,0,0,0,0,0,0,0,0,0
"25","pge","none","c","pge05",0,0,0,0,"PGE","burn","C","PGE07",0,0.781336002001501,1.49507389162562,0.548355424644084,0.142857142857143,0,0,0,0,0,0,0.285714285714286,0,0.142857142857143,0,0,0,0,0,0,0,0.142857142857143,0.142857142857143,0,0,0,0,0,0,0,0.142857142857143,0,4.28571428571429,0.142857142857143,0,0,0,0,0,0,0,0,0,0,0,0,0,0
"26","pge","none","c","pge06",1,0,0,1,"PGE","burn","C","PGE08",0,0.683669001751314,1.74425287356322,0.479810996563574,0.25,0.75,0,0,0,0,0,0,0,0.25,0,0,0,0,0,0,0,0,0,0,0,0,0,0,0,0,0,0,7.5,0,0,0,0,0,0,0,0,0,0,0,0,0,0,0
"27","pge","none","c","pge07",2,0,0,2,"PGE","burn","C","PGE09",0,0.911558669001751,1.74425287356322,0.319873997709049,0.5,2.5,0,0,0,0,0,0,0,0.0833333333333333,0,0,0,0,0,0,0,0.0833333333333333,0,0,0,0,0,0,0,0,0,0,0.166666666666667,0,0,0,0.166666666666667,0,0,0,0,0,0,0,0,0,0,0
"28","pge","none","c","pge08",25,2,0,27,"PGE","burn","C","PGE10",0,1.0938704028021,0.697701149425287,0.767697594501718,0.2,2,0,0,0,0,0,0,0.4,0,0,0,0,0,0,0,0,0,0,0,0,0,0,0,0,0,0,0,0.6,0,0.2,0,0,0,0,0,0,0,0,0,0,0,0,0
"29","pge","none","c","pge09",2,0,0,2,"PGE","burn","D","PGE01",0.674196787148594,1.8231173380035,0.581417624521073,0,0.333333333333333,1.66666666666667,0.0833333333333333,0,0.166666666666667,0,0.0833333333333333,0.5,0,0,0,0,0,0,0,0,0,0,0,0,0,0,0,0,0,0,0,0,0,0,0,0,0,0,0,0,0,0,0,0,0,0,0,0
"30","pge","none","c","pge10",0,0,0,0,"PGE","burn","D","PGE02",0.809036144578313,1.64080560420315,0.697701149425287,0,0.1,0.8,0,0,0.2,0,0,0.1,0.1,0,0,0.1,0,0,0,0,0,0,0,0,0,0,0,0,0,0,0,0,0,0,0,0,0,0,0,0,0,0,0,0,0,0,0,0
"31","pge","none","d","pge01",1,0,0,1,"PGE","burn","D","PGE03",0.674196787148594,0.911558669001751,1.16283524904215,0.319873997709049,0,1.16666666666667,0,0,0.166666666666667,0,0,0,0.0833333333333333,0,0,0.0833333333333333,0,0,0.0833333333333333,0,0,0.0833333333333333,0,0,0,0,0,0,0,0,0,0,0,0,0,0,0,0,0,0,0,0,0,0,0,0,0,0
"32","pge","none","d","pge02",20,0,0,20,"PGE","burn","D","PGE04",0.809036144578313,1.0938704028021,1.39540229885057,0,0.1,1.6,0,0,0.1,0,0.1,0,0,0,0,0.1,0,0,0,0,0,0.1,0,0,0,0,0,0,0,0,0,0,0,0,0,0,0,0,0,0,0,0,0,0,0,0,0,0
"33","pge","none","d","pge03",20,0,0,20,"PGE","burn","D","PGE05",0,1.36733800350263,1.74425287356322,0,0,1.25,0.125,0,0,0,0,0,0,0.125,0,0.5,0,0,0,0,0,0,0,0,0,0,0,0,0,0,0,0,0,0,0,0,0,0,0,0,0,0,0,0,0,0,0,0
"34","pge","none","d","pge04",0,0,0,0,"PGE","burn","D","PGE06",0.674196787148594,0.911558669001751,1.16283524904215,0.319873997709049,0,0.833333333333333,0.0833333333333333,0,1.5,0,0.166666666666667,0,0,0,0,0,0,0,0,0,0,0.166666666666667,0,0,0,0,0,0,0,0,0,0,0.166666666666667,0,0,0,0,0,0,0,0,0,0,0,0,0,0,0
"35","pge","none","d","pge05",1,0,0,1,"PGE","burn","D","PGE07",0.577882960413081,0.781336002001501,1.49507389162562,0.274177712322042,0.142857142857143,0.142857142857143,0.142857142857143,0,0.142857142857143,0,0,0,0,0.285714285714286,0,0,0,0,0,0,0,0.285714285714286,0,0,0,0,0,0,0,0,0,0,0.142857142857143,0,0,0,0,0,0,0,0,0,0,0,0,0,0,0
"36","pge","none","d","pge06",2,0,1,3,"PGE","burn","D","PGE08",0,1.02550350262697,1.30818965517241,0.479810996563574,0,0.25,0.125,0,0,0,0.125,0,0.125,0.125,0,0,0,0,0,0,0,0.25,0,0,0,0,0,0,0,0,0,0,0.125,0,0.125,0,0,0,0,0,0,0,0,0,0,0,0,0
"37","pge","none","d","pge07",0,0,0,0,"PGE","burn","D","PGE09",0.674196787148594,0.911558669001751,1.16283524904215,0.319873997709049,0.0833333333333333,3.33333333333333,0,0,0.666666666666667,0,0,0,0,0,0,0,0,0,0,0,0,0.333333333333333,0,0,0,0,0,0,0,0,0,0,1.33333333333333,0,0,0,0.166666666666667,0,0,0,0,0,0,0,0,0,0,0
"38","pge","none","d","pge08",40,3,0,43,"PGE","burn","D","PGE10",0.577882960413081,0.390668001000751,0.996715927750411,0.548355424644084,0,2.14285714285714,0.142857142857143,0,0.571428571428571,0,0,0,0,0,0,0,0,0,0,0,0,0.142857142857143,0,0,0,0,0,0,0,0,0,0,0.285714285714286,0,0.142857142857143,0,0,0.142857142857143,0,0,0,0,0,0,0,0,0,0
"39","pge","none","d","pge09",5,0,0,5,"PGE","control","A","PGE01",0,1.8231173380035,0.581417624521073,0.319873997709049,0.166666666666667,0,0,0,0,0.5,0.0833333333333333,0.0833333333333333,0.0833333333333333,0.0833333333333333,0,0,0,0,0,0,0,0,0,0,0,0,0,0,0,0,0,0,0,0,0,0,0,0,0,0,0,0,0,0,0,0,0,0
"40","pge","none","d","pge10",1,0,0,1,"PGE","control","A","PGE02",0.674196787148594,0.911558669001751,1.16283524904215,0.319873997709049,0,0.0833333333333333,0,0,0.333333333333333,0,0,0.0833333333333333,0.0833333333333333,0.0833333333333333,0,0,0,1,0,0.0833333333333333,0,0,0,0,0,0,0,0,0,0,0,0,0,0,0,0,0,0,0,0,0,0,0,0,0,0,0,0
"41","pge","rx","a","pge01",4,0,1,5,"PGE","control","A","PGE03",0.577882960413081,1.562672004003,0.996715927750411,0,0.0714285714285714,0.0714285714285714,0,0,0.0714285714285714,0,0,0.0714285714285714,0.142857142857143,0.0714285714285714,0,0.0714285714285714,0,0,0,0,0,0,0,0,0,0,0,0,0,0,0,0,0,0,0,0,0,0,0,0,0,0,0,0,0,0,0,0
"42","pge","rx","a","pge02",45,0,0,45,"PGE","control","A","PGE04",0,1.215411558669,0.77522349936143,0.639747995418099,0.111111111111111,0,0.0555555555555556,0,0,0,0.111111111111111,0,0.0555555555555556,0.111111111111111,0,0.0555555555555556,0,0,0,0,0,0.0555555555555556,0,0.0555555555555556,0.0555555555555556,0.0555555555555556,0,0,0,0,0,0,0,0,0,0,0,0,0,0,0,0,0,0,0,0,0,0
"43","pge","rx","a","pge03",5,0,4,9,"PGE","control","A","PGE05",0,0.911558669001751,1.16283524904215,0.479810996563574,0.166666666666667,0.0416666666666667,0.166666666666667,0,0,0,0.0416666666666667,0,0,0.5,0,0.0833333333333333,0,0,0.0833333333333333,0,0,0.0416666666666667,0.0416666666666667,0,0.0833333333333333,0,0.0416666666666667,0.0416666666666667,0,0,0,0,0,0,0,0,0,0,0,0,0,0,0,0,0,0,0,0
"44","pge","rx","a","pge04",40,0,0,40,"PGE","control","A","PGE06",0.44946452476573,0.607705779334501,1.16283524904215,0.639747995418099,0.111111111111111,0.555555555555556,0.111111111111111,0,0.111111111111111,0,0,0,0,0.111111111111111,0,0,0,0,0,0,0,0.111111111111111,0.111111111111111,0,0.111111111111111,0.111111111111111,0,0,0,0,0,0,0,0.111111111111111,0,0,0,0,0,0,0,0,0,0,0,0,0,0
"45","pge","rx","a","pge05",2,0,0,2,"PGE","control","A","PGE07",0,0.911558669001751,1.16283524904215,0.639747995418099,0.166666666666667,0,0,0,0,0,0,0,0.166666666666667,0.166666666666667,0,0,0,0,0,0,0,0.0833333333333333,0.166666666666667,0,0,0.0833333333333333,0,0,0,0,0,0,0.666666666666667,0,0,0,0,0,0,0,0,0,0,0,0,0,0,0
"46","pge","rx","a","pge06",10,0,0,10,"PGE","control","A","PGE08",0,1.0938704028021,2.09310344827586,0,0.2,0,0,0,0,0,0,0.4,0,0.2,0,0,0,0,0,0,0,0.2,0.2,0,0,0,0,0,0,0,0,0,0,0,0,0,0,0,0,0,0,0,0,0,0,0,0,0
"47","pge","rx","a","pge07",10,1,0,11,"PGE","control","A","PGE09",0.337098393574297,0.911558669001751,1.16283524904215,0.479810996563574,0.0833333333333333,0.166666666666667,0.833333333333333,0.0833333333333333,0.166666666666667,0,0.0833333333333333,0,0.0833333333333333,0.0833333333333333,0,0,0,0,0,0,0,0.0833333333333333,0.0833333333333333,0,0,0,0,0,0,0,0,0,0.0833333333333333,0.0833333333333333,0,0,0,0,0,0,0,0,0,0,0,0,0,0
"48","pge","rx","a","pge08",60,30,0,90,"PGE","control","A","PGE10",0.337098393574297,0.455779334500876,0.581417624521073,0.799684994272623,0.0833333333333333,0,0,0.166666666666667,0.166666666666667,0,0,0,0.0833333333333333,0.0833333333333333,0.0833333333333333,0,0.0833333333333333,0,0,0,0,0.0833333333333333,0,0,0.0833333333333333,0,0.0833333333333333,0,0,0.0833333333333333,0,0.0833333333333333,0,0.166666666666667,0.166666666666667,0,0,0,0,0,0,0,0,0,0,0,0,0
"49","pge","rx","a","pge09",65,3,0,68,"PGE","control","B","PGE01",0.674196787148594,1.13944833625219,0.581417624521073,0.319873997709049,0.0416666666666667,1.04166666666667,0.0833333333333333,0,1.08333333333333,0.708333333333333,0.0416666666666667,0.0416666666666667,0.0833333333333333,0,0.0416666666666667,0,0,0,0,0,0,0,0,0,0,0,0,0,0,0,0,0,0,0,0,0,0,0,0,0,0,0,0,0,0,0,0,0
"50","pge","rx","a","pge10",35,1,20,56,"PGE","control","B","PGE02",0.577882960413081,1.17200400300225,1.49507389162562,0,0,0.142857142857143,0,0,0.428571428571429,0,0,0.0714285714285714,0.0714285714285714,0.0714285714285714,0,0.0714285714285714,0,0,0,0.0714285714285714,0,0,0,0,0,0,0,0,0,0,0,0,0,0,0,0,0,0,0,0,0,0,0,0,0,0,0,0
"51","pge","rx","b","pge02",16,0,1,17,"PGE","control","B","PGE03",0.44946452476573,0.911558669001751,1.93805874840358,0,0.222222222222222,0.111111111111111,0,0,0.555555555555556,0,0,0,0.0555555555555556,0.0555555555555556,0,0.0555555555555556,0,0,0,0.0555555555555556,0,0.0555555555555556,0.0555555555555556,0,0,0,0,0,0,0,0,0,0,0,0,0,0,0,0,0,0,0,0,0,0,0,0,0
"52","pge","rx","b","pge03",60,0,0,60,"PGE","control","B","PGE04",0.809036144578313,1.0938704028021,1.39540229885057,0,2.4,0,0,0,0.6,0,0.1,0,0,0.1,0,0,0,0,0,0,0,0.1,0,0,0,0,0,0,0,0,0,0,0,0,0,0,0,0,0,0,0,0,0,0,0,0,0,0
"53","pge","rx","b","pge04",10,0,0,10,"PGE","control","B","PGE05",0,0.455779334500876,1.74425287356322,0.319873997709049,1.66666666666667,0.166666666666667,0,0,0,0,0,0,0,0.666666666666667,0,0,0,0,0,0,0,0,0.166666666666667,0,0,0,0.0833333333333333,0,0,0.166666666666667,0.0833333333333333,0,0,0,0,0,0,0,0,0,0,0,0,0,0,0,0,0
"54","pge","rx","b","pge05",20,1,0,21,"PGE","control","B","PGE06",0,1.36733800350263,0.436063218390805,0.719716494845361,0.125,0.5,0.125,0,0,0,0,0,0.375,0,0,0.125,0,0,0,0,0,0,0,0,0,0.125,0,0,0,0,0,0.125,0,0,0.25,0,0,0,0,0,0,0,0,0,0,0,0,0
"55","pge","rx","b","pge06",5,0,1,6,"PGE","control","B","PGE07",0,1.17200400300225,1.49507389162562,0.274177712322042,0,0.142857142857143,0.142857142857143,0,0,0,0,0.285714285714286,0.285714285714286,0.142857142857143,0,0.285714285714286,0,0,0,0,0,0.142857142857143,0,0,0,0,0,0,0,0,0,0,0.142857142857143,0,0,0,0,0,0,0,0,0,0,0,0,0,0,0
"56","pge","rx","b","pge07",20,1,0,21,"PGE","control","B","PGE08",0,1.8231173380035,1.16283524904215,0,0.166666666666667,0.333333333333333,0.166666666666667,0,0,0,0,0.166666666666667,0,0.166666666666667,0,0.166666666666667,0,0,0,0,0,0,0,0,0,0,0,0,0,0,0,0,0,0,0,0,0,0,0,0,0,0,0,0,0,0,0,0
"57","pge","rx","b","pge08",55,5,0,60,"PGE","control","B","PGE09",0,1.17200400300225,1.49507389162562,0.274177712322042,0.142857142857143,0.285714285714286,0,0,0,0,0,0,0.714285714285714,0.142857142857143,0,0.142857142857143,0,0,0,0,0,0.142857142857143,0.142857142857143,0,0,0,0,0,0,0,0,0,0.285714285714286,0,0,0,0,0,0,0,0,0,0,0,0,0,0,0
"58","pge","rx","b","pge09",9,0,1,10,"PGE","control","B","PGE10",0.337098393574297,0.683669001751314,0.872126436781609,0.799684994272623,0.0833333333333333,0.0833333333333333,0,0,0.833333333333333,0,0,0,0.0833333333333333,0.0833333333333333,0,0.0833333333333333,0.0833333333333333,0,0,0,0,0.0833333333333333,0,0,0.0833333333333333,0.0833333333333333,0.0833333333333333,0,0,0,0,0,0.0833333333333333,0.166666666666667,0,0,0,0,0,0,0,0,0,0,0,0,0,0
"59","pge","rx","b","pge10",25,1,20,46,"PGE","control","C","PGE01",0.674196787148594,0.911558669001751,0.581417624521073,0.639747995418099,0.0833333333333333,0.333333333333333,0,0,0.0833333333333333,1,0,0,0,0,0,0.0833333333333333,0.0833333333333333,0,0,0,0,0,0,0,0,0,0,0,0,0,0,0,0,0,0,0,0,0,0,0,0,0,0,0,0,0,0,0
"60","pge","rx","c","pge01",5,0,0,5,"PGE","control","C","PGE02",0.735487404162103,1.24303454863875,1.26854754440961,0,0.181818181818182,1,0,0,0.909090909090909,0,0,0.0454545454545455,0.227272727272727,0,0,0.0909090909090909,0,0,0,0.0454545454545455,0,0.0909090909090909,0,0,0,0,0,0,0,0,0,0,0,0,0,0,0,0,0,0,0,0,0,0,0,0,0,0
"61","pge","rx","c","pge03",6,0,0,6,"PGE","control","C","PGE03",0.577882960413081,1.17200400300225,1.49507389162562,0,0.0714285714285714,0.142857142857143,0,0,0.0714285714285714,0,0,0,0.0714285714285714,0.0714285714285714,0,0.0714285714285714,0,0,0,0.0714285714285714,0,0.0714285714285714,0,0,0,0,0,0,0,0,0,0,0,0,0,0,0,0,0,0,0,0,0,0,0,0,0,0
"62","pge","rx","c","pge04",30,0,0,30,"PGE","control","C","PGE04",0.505647590361446,1.02550350262697,1.30818965517241,0.239905498281787,0.5,0,0,0,0.125,0,0.0625,0,0.0625,0.25,0,0,0,0,0,0,0,0.0625,0.0625,0,0,0,0.0625,0,0,0,0,0,0,0,0,0,0,0,0,0,0,0,0,0,0,0,0,0
"63","pge","rx","c","pge05",6,0,0,6,"PGE","control","C","PGE05",0.505647590361446,1.36733800350263,0.872126436781609,0.239905498281787,0.0625,0.1875,0.125,0,0.25,0,0,0.0625,0.0625,0.125,0,0.125,0,0,0,0,0,0.125,0,0,0,0,0,0,0,0,0,0.25,0,0,0,0,0,0,0,0,0,0,0,0,0,0,0,0
"64","pge","rx","c","pge06",15,0,0,15,"PGE","control","C","PGE06",0,0.683669001751314,1.74425287356322,0.479810996563574,0.25,0.5,0,0,0,0,0.125,0,0,0.125,0,0,0,0,0,0,0,0.25,0.125,0,0,0.125,0,0,0,0,0,0,0.25,0,0,0,0,0,0,0,0,0,0,0,0,0,0,0
"65","pge","rx","c","pge07",8,0,0,8,"PGE","control","C","PGE07",0,1.36733800350263,1.30818965517241,0.239905498281787,0,0,0.125,0,0,0,0,0.125,0.25,0.0625,0,0.0625,0,0,0,0,0,0.375,0.0625,0,0,0,0,0,0,0,0,0,0.125,0,0,0,0,0,0,0,0,0,0,0,0,0,0,0
"66","pge","rx","c","pge08",30,10,2,42,"PGE","control","C","PGE08",0,0.683669001751314,0.872126436781609,0.959621993127148,0,0,0,0,0,0,0,0.5,0,0.25,0,0,0,0,0,0,0,0,0,0,0,0,0,0,0,0,0,0,0.5,0,0,0.25,0,0,0,0,0,0,0,0,0,0,0,0
"67","pge","rx","c","pge09",5,4,1,10,"PGE","control","C","PGE09",0.44946452476573,0.607705779334501,0.77522349936143,0.852997327224131,0.444444444444444,0,0.111111111111111,0,0.666666666666667,0,0,0,0,0,0,0,0,0,0,0,0,0.111111111111111,0.111111111111111,0,0,0.222222222222222,0.111111111111111,0,0,0,0,0,0.111111111111111,0.333333333333333,0,0,0,0,0,0,0,0,0,0,0,0,0,0
"68","pge","rx","c","pge10",25,1,30,56,"PGE","control","C","PGE10",0.367743702081052,0.745820729183251,0.95141065830721,0.697906904092471,0.0909090909090909,0.0909090909090909,0,0,0.545454545454545,0.0909090909090909,0,0,0.0909090909090909,0.0909090909090909,0,0.0909090909090909,0,0,0,0,0,0.0909090909090909,0.0909090909090909,0,0,0,0.0909090909090909,0,0,0,0,0.0909090909090909,0,0.454545454545455,0,0,0,0,0,0,0,0,0,0,0,0,0,0
"69","pge","rx","d","pge01",9,0,1,10,"PGE","control","D","PGE01",0.44946452476573,1.215411558669,0.387611749680715,0.639747995418099,0.222222222222222,0.222222222222222,0,0,1.88888888888889,0.0555555555555556,0.0555555555555556,0,0.0555555555555556,0,0,0.0555555555555556,0.0555555555555556,0.0555555555555556,0,0,0,0,0,0,0,0,0,0,0,0,0,0,0,0,0,0,0,0,0,0,0,0,0,0,0,0,0,0
"70","pge","rx","d","pge02",31,1,1,33,"PGE","control","D","PGE02",0.674196787148594,1.36733800350263,1.16283524904215,0,0.0833333333333333,0.0833333333333333,0,0,0.5,0,0,0.0833333333333333,0,0.0833333333333333,0,0.0833333333333333,0,0,0,0.0833333333333333,0,0,0,0,0,0,0,0,0,0,0,0,0,0,0,0,0,0,0,0,0,0,0,0,0,0,0,0
"71","pge","rx","d","pge03",30,0,0,30,"PGE","control","D","PGE03",0,1.36733800350263,1.74425287356322,0,0.333333333333333,0.166666666666667,0,0,0,0,0,0.166666666666667,0.166666666666667,0.0833333333333333,0,0.0833333333333333,0,0,0,0,0,0.0833333333333333,0,0,0,0,0,0,0,0,0,0,0,0,0,0,0,0,0,0,0,0,0,0,0,0,0,0
"72","pge","rx","d","pge04",10,0,0,10,"PGE","control","D","PGE04",0.809036144578313,1.64080560420315,0.697701149425287,0,2.4,0,0,0,1.4,0,0.2,0,0.1,0.1,0,0,0,0,0,0,0,0,0,0,0,0,0,0,0,0,0,0,0,0,0,0,0,0,0,0,0,0,0,0,0,0,0,0
"73","pge","rx","d","pge05",29,0,1,30,"PGE","control","D","PGE05",0,1.36733800350263,1.16283524904215,0,2.33333333333333,0,0,0,0,0,0.0833333333333333,0,0,0.0833333333333333,0,0.166666666666667,0,0,0,0,0,0.333333333333333,0,0,0,0,0,0,0,0.0833333333333333,0,0,0,0,0,0,0,0,0,0,0,0,0,0,0,0,0,0
"74","pge","rx","d","pge06",5,0,0,5,"PGE","control","D","PGE06",0,0.841438771386232,1.07338638373121,0.73817076394396,0.0769230769230769,0.384615384615385,0.153846153846154,0,0,0,0.0769230769230769,0,0.0769230769230769,0.0769230769230769,0,0.0769230769230769,0,0,0.0769230769230769,0,0,0.0769230769230769,0.0769230769230769,0,0,0.0769230769230769,0,0,0,0,0,0,0.0769230769230769,0.0769230769230769,0.0769230769230769,0,0,0,0,0,0,0,0,0,0,0,0,0
"75","pge","rx","d","pge07",25,0,0,25,"PGE","control","D","PGE07",0,1.36733800350263,1.16283524904215,0.319873997709049,0,0.166666666666667,0.333333333333333,0,0,0,0,0,0.0833333333333333,0,0,0.5,0,0,0,0,0,0.0833333333333333,0.166666666666667,0,0,0,0,0,0,0,0,0,0.333333333333333,0,0,0,0,0,0,0,0,0,0,0,0,0,0,0
"76","pge","rx","d","pge08",35,6,0,41,"PGE","control","D","PGE08",0,1.17200400300225,0.996715927750411,0.548355424644084,0.142857142857143,0.142857142857143,0.142857142857143,0,0,0,0,0.142857142857143,0,0.142857142857143,0,0,0,0,0,0,0,0,0.142857142857143,0,0,0.142857142857143,0,0,0,0,0,0,0.571428571428571,0,0,0,0,0,0,0,0,0,0,0,0,0,0,0
"77","pge","rx","d","pge09",12,0,3,15,"PGE","control","D","PGE09",0,1.02550350262697,1.30818965517241,0.479810996563574,0,0,0,0,0,0,0,0.125,0.125,0.125,0,0.125,0,0,0,0,0,0.125,0.25,0,0,0,0,0,0,0,0,0,1,0.125,0,0,0,0,0,0,0,0,0,0,0,0,0,0
"78","pge","rx","d","pge10",40,4,5,49,"PGE","control","D","PGE10",0.337098393574297,0.683669001751314,1.16283524904215,0.639747995418099,0.0833333333333333,0.25,0,0,0.583333333333333,0,0,0,0.0833333333333333,0.0833333333333333,0,0.0833333333333333,0,0,0,0,0.0833333333333333,0.0833333333333333,0.0833333333333333,0,0,0,0.0833333333333333,0,0,0,0,0.0833333333333333,0,0.166666666666667,0,0,0,0,0,0,0,0,0,0,0,0,0,0
"79","pgw","none","a","pgw01",0,1,1,32,"PGW","burn","A","PGW01",1.34839357429719,0,1.16283524904215,0.639747995418099,0,0,0,6.66666666666667,1.66666666666667,0,0,0,0,0,0,0,0,0,0,0,0,1.66666666666667,0,0,0,0,0,0,0,0,0,0,0,0,0,0,0,0,0,0,0,0,0,0,0,0,0,0
"80","pgw","none","a","pgw02",2,2,0,22,"PGW","burn","A","PGW02",1.01129518072289,0.683669001751314,1.74425287356322,0,0,0.25,1,0,1,0,0,0,0,0,0,0,0,0,0,0,0,1.5,0,0,0,0,0,0,0,0,0,0,0,0,0,0,0,0,0,0,0,0,0,0,0,0,0,0
"81","pgw","none","a","pgw03",5,0,0,1,"PGW","burn","A","PGW03",0.809036144578313,1.0938704028021,1.39540229885057,0,0,0.2,0.8,0,0.8,0,0.6,0,0,0,0,0,0,0,0,0,0,8,0,0,0,0,0,0,0,0,0,0,0,0,0,0,0,0,0,0,0,0,0,0,0,0,0,0
"82","pgw","none","a","pgw04",4,1,0,9,"PGW","burn","A","PGW04",1.34839357429719,0,1.16283524904215,0.639747995418099,0,0,0,0,1,0,0,0,0,0,0,0,0,0,0,0,0.333333333333333,5,0,0,0,0,0,0,0,0,0,0,0,0,0,0,0,0,0,0,0,0,0,0,0,0,0,0
"83","pgw","none","a","pgw05",6,2,0,10,"PGW","burn","A","PGW05",1.34839357429719,0.911558669001751,1.16283524904215,0,2.66666666666667,0,0,0,0.333333333333333,0,0,0,0,0,0,0,0,0,0,0,0,13.3333333333333,0,0,0,0,0,0,0,0,0,0,0,0,0,0,0,0,0,0,0,0,0,0,0,0,0,0
"84","pgw","none","a","pgw06",1,1,0,10,"PGW","burn","A","PGW06",0.809036144578313,0.546935201401051,1.39540229885057,0.383848797250859,0.8,0.2,0,0,0.8,0,0,0,0,0,0,0,0,0,0,0,0.2,7,0,0,0,0,0,0,0,0,0,0,0,0,0,0,0,0,0,0,0,0,0,0,0,0,0,0
"85","pgw","none","a","pgw07",0,2,0,12,"PGW","burn","A","PGW07",0,0.911558669001751,1.16283524904215,0.639747995418099,0.333333333333333,1.66666666666667,0.333333333333333,0,0,0,0,0,0,0,0,0,0,0,0,0,0,3.33333333333333,0,0,0,0,0,0,0,0,0,0,0.333333333333333,0,0,0,0,0,0,0,0,0,0,0.333333333333333,0,0,0,0
"86","pgw","none","a","pgw08",0,0,0,1,"PGW","burn","A","PGW08",0.674196787148594,0.911558669001751,1.16283524904215,0.319873997709049,0.166666666666667,1.66666666666667,0.333333333333333,0,0.833333333333333,0,0,0,0,0.166666666666667,0,0,0,0,0,0,0,0.166666666666667,0,0,0,0,0,0,0,0,0,0,0.166666666666667,0,0,0,0,0,0,0,0,0,0,0.166666666666667,0,0,0,0
"87","pgw","none","a","pgw09",0,0,0,2,"PGW","burn","A","PGW09",0.577882960413081,0.781336002001501,1.49507389162562,0.274177712322042,0.428571428571429,0.857142857142857,0.142857142857143,0,0.571428571428571,0,0,0,0,0.142857142857143,0,0,0,0,0,0,0,0.142857142857143,0,0,0,0,0,0,0,0,0,0,0.142857142857143,0,0,0,0,0,0,0,0,0,0,0,0,0,0,0
"88","pgw","none","a","pgw10",2,0,0,0,"PGW","burn","A","PGW10",0,1.0938704028021,0.697701149425287,0.767697594501718,0.2,0,0.4,0.4,0,0,0,0,0,0,0,0,0,0,0,0,0,5,0,0,0,0,0,0,0,0,0,0,0.2,0,0,0,0,0,0,0,0,0.2,0,0,0,0,0,0
"89","pgw","none","b","pgw01",1,0,0,0,"PGW","burn","B","PGW01",1.01129518072289,0,1.74425287356322,0.479810996563574,0,1.75,0,3.75,2,0,0,0,0,0,0,0,0,0,0,0,0,1.75,0,0,0,0,0,0,0,0,0,0,0,0,0,0,0,0,0,0,0,0,0,0,0,0,0,0
"90","pgw","none","b","pgw02",0,1,2,5,"PGW","burn","B","PGW02",0.809036144578313,1.0938704028021,1.39540229885057,0,0,0.2,1,0,0.8,0,0,0,0,0,0,0,0,0,0,0,0,0.2,0,0,0,0,0,0,0.2,0,0,0,0,0,0,0,0,0,0,0,0,0,0,0,0,0,0,0
"91","pgw","none","b","pgw03",0,1,0,6,"PGW","burn","B","PGW03",0.809036144578313,1.0938704028021,1.39540229885057,0,0,0.2,6,0,0.8,0,0.4,0,0,0,0,0,0,0,0,0,0,1.2,0,0,0,0,0,0,0,0,0,0,0,0,0,0,0,0,0,0,0,0,0,0,0,0,0,0
"92","pgw","none","b","pgw04",7,1,1,6,"PGW","burn","B","PGW04",1.01129518072289,0.683669001751314,0.872126436781609,0,0.25,0,0,0,0.5,0,0,0,0,0,0,0,0,0,0,0,0,2,0,0,0,0,0,0,0,0,0,0,0,0,0,0,0,0,0,0,0,0,0.25,0,0,0,0,0
"93","pgw","none","b","pgw05",9,0,0,6,"PGW","burn","B","PGW05",1.01129518072289,0.683669001751314,0.872126436781609,0.479810996563574,0.25,0,0,0,0.75,0,0,0,0,0,0,0,0,0,0,0,0,10,0,0,0,0,0,0,0,0,0,0,0,0,0,0,0,0,0,0,0,0,0,2.25,0,0,0,0
"94","pgw","none","b","pgw06",0,0,0,1,"PGW","burn","B","PGW06",1.34839357429719,0.911558669001751,1.16283524904215,0,5,0,0,0,0.666666666666667,0,0,0,0,0,0,0,0,0,0,0,0,10,0,0,0,0,0,0,0,0,0,0,0,0,0,0,0,0,0,0,0,0,0,0,0,0,0,0
"95","pgw","none","b","pgw07",4,0,0,0,"PGW","burn","B","PGW07",0.809036144578313,0.546935201401051,0.697701149425287,0.767697594501718,0.4,0,0,0,1,0,0,0,0,0,0,0,0,0,0,0,1.6,6,0,0,0,0,0,0,0,0,0,0,0,0,0,0,0,0,0,0,0,0,0,3.6,0,0,0,0
"96","pgw","none","b","pgw08",0,0,0,0,"PGW","burn","B","PGW08",0.809036144578313,1.0938704028021,0.697701149425287,0.383848797250859,0.2,2.4,0.2,0,0.6,0,0,0,0,0,0,0,0,0,0,0,0,0,0,0,0,0,0,0,0,0,0,0,0,0,0,0,0,0,0,0,0,0,0,1.6,0,0,0,0
"97","pgw","none","b","pgw09",0,0,0,0,"PGW","burn","B","PGW09",0.674196787148594,0.911558669001751,1.16283524904215,0.319873997709049,0.166666666666667,5,0.166666666666667,0,0.333333333333333,0,0,0,0,0.166666666666667,0,0,0,0,0,0,0,0,0,0,0,0,0,0,0,0,0,0,0,0,0,0,0,0,0,0,0,0.166666666666667,0,0,0,0,0,0
"98","pgw","none","b","pgw10",6,1,2,5,"PGW","burn","B","PGW10",0.44946452476573,0.607705779334501,1.16283524904215,0.639747995418099,0.222222222222222,0.888888888888889,0.111111111111111,0.111111111111111,0.111111111111111,0,0,0,0,0.111111111111111,0,0,0,0,0,0,0,0.111111111111111,0,0,0,0,0,0,0,0,0,0,0.111111111111111,0,0,0,0,0,0,0,0,0.111111111111111,0,0,0,0,0,0
"99","pgw","none","c","pgw01",13,0,0,1,"PGW","burn","C","PGW01",1.01129518072289,0,0.872126436781609,0.959621993127148,0,0,0,0.5,3,0,0,0,0,0,0,0,0,0,0,0,0.75,2.5,0,0,0,0,0,0,0,0,0,0,0,0,0,0,0,0,0,0,0,0,0,0,0,0,0,0
"100","pgw","none","c","pgw02",1,0,0,0,"PGW","burn","C","PGW02",0,0.911558669001751,1.16283524904215,0.639747995418099,0,10,1.33333333333333,0,0,0,0,0,0,0,0,0,0,0.333333333333333,0,0,0,0,0,0,0,0,0,0,0,0,0,0,0,0,0,0,0,0,0,0,0,0,0,0,0,0,0,0
"101","pgw","none","c","pgw03",5,0,0,0,"PGW","burn","C","PGW03",0,0.683669001751314,2.61637931034483,0,2.5,1,1.5,0,0,0,0,0,0,0.25,0,0,0,0,0,0,0,1.25,0,0,0,0,0,0,0,0,0,0,0,0,0,0,0,0,0,0,0,0,0,0,0,0,0,0
"102","pgw","none","c","pgw04",0,2,1,10,"PGW","burn","C","PGW04",2.02259036144578,0,1.74425287356322,0,0,0,0,0,1.5,0,0,0,0,0,0,0,0,0,0,0,0,20,0,0,0,0,0,0,0,0,0,0,0,0,0,0,0,0,0,0,0,0,0,0,0,0,0,0
"103","pgw","none","c","pgw05",2,1,0,10,"PGW","burn","C","PGW05",1.34839357429719,0.911558669001751,1.16283524904215,0,0.666666666666667,0,0,0,1,0,0,0,0,0,0,0,0,0,0,0,0,8.33333333333333,0,0,0,0,0,0,0,0,0,0,0,0,0,0,0,0,0,0,0,0,0,0,0,0,0,0
"104","pgw","none","c","pgw06",0,1,0,1,"PGW","burn","C","PGW06",0.809036144578313,0.546935201401051,0.697701149425287,0.383848797250859,0.4,0,0,0,1.2,0,0,0,0,0,0,0,0,0,0,0,0,1.6,0,0,0,0,0,0,0,0,0,0,0,0,0,0,0,0,0,0,0,0,0,0.2,1.6,0,0,0
"105","pgw","none","c","pgw07",0,1,1,6,"PGW","burn","C","PGW07",0.577882960413081,0.781336002001501,0.996715927750411,0.548355424644084,0.142857142857143,0.285714285714286,0.428571428571429,0,0.142857142857143,0,0,0,0,0,0,0,0,0,0,0,0,0.285714285714286,0,0,0,0,0,0,0,0,0,0,0.142857142857143,0,0,0,0,0,0,0,0,0,0,0,0,0.142857142857143,0,0
"106","pgw","none","c","pgw08",0,0,0,0,"PGW","burn","C","PGW08",0.809036144578313,0,1.39540229885057,0.767697594501718,0,8,0,0,1.2,0,0,0,0,0,0,0,0,0,0,0,0.2,0.2,0,0,0,0,0,0,0,0,0,0,0,0,0,0,0,0,0,0,0,0,0,0.2,0,0,0,0
"107","pgw","none","c","pgw09",0,0,0,0,"PGW","burn","C","PGW09",0.404518072289157,0.820402802101576,1.04655172413793,0.575773195876289,0.1,0.1,0.1,0,0.4,0,0,0,0,0.1,0,0,0,0,0.1,0,0,1.5,0,0,0,0,0,0,0.1,0,0,0,0.1,0,0,0,0,0,0,0,0,0.1,0,0,0,0,0,0
"108","pgw","none","c","pgw10",1,1,0,7,"PGW","burn","C","PGW10",0.674196787148594,0.455779334500876,1.16283524904215,0.639747995418099,0,0,0.333333333333333,0.166666666666667,0.166666666666667,0,0,0,0,0.166666666666667,0,0,0,0,0,0,0,1.66666666666667,0,0,0,0,0,0,0,0,0,0,0.166666666666667,0,0,0,0,0,0,0,0,0,0,0,0,0,0,0
"109","pgw","none","d","pgw01",20,1,0,14,"PGW","burn","D","PGW01",1.01129518072289,0,1.74425287356322,0.479810996563574,0,0.25,0,0.5,2,0,0,0,0,0,0,0,0,0,0,0,0,3,0,0,0,0,0,0,0,0,0,0,0,0,0,0,0,0,0,0,0,0,0,0,0,0,0,0
"110","pgw","none","d","pgw02",1,0,0,1,"PGW","burn","D","PGW02",0,0.911558669001751,2.32567049808429,0,0,1.33333333333333,0,0,0,0,1.66666666666667,0,0,0,0,0,0,0,0,0,0,2.66666666666667,0,0,0,0,0,0,0,0,0,0,0,0,0,0,0,0,0,0,0,0,0,0,0,0,0,0
"111","pgw","none","d","pgw03",8,2,1,8,"PGW","burn","D","PGW03",0,1.36733800350263,1.74425287356322,0,0.25,0.25,10,0,0,0,0,0,0,0,0,0,0,0,0,0,0,1,0,0,0,0,0,0,0,0,0,0,0,0,0,0,0,0,0,0,0,0,0,0,0,0,0,0
"112","pgw","none","d","pgw04",8,0,0,0,"PGW","burn","D","PGW04",2.02259036144578,0,1.74425287356322,0,0,0,0,0,0.5,0,0,0,0,0,0,0,0,0,0,0,0,5,0,0,0,0,0,0,0,0,0,0,0,0,0,0,0,0,0,0,0,0,0,0,0,0,0,0
"113","pgw","none","d","pgw05",9,0,0,2,"PGW","burn","D","PGW05",0,1.36733800350263,1.74425287356322,0,1.5,0,0,0,0,0,0,0,0,0,0,0,0,0,0,0,0,10,0,0,0,0,0,0,0,0,0,0,0,0,0,0,0,0,0,0,0,0,0,0,0,0,0,0
"114","pgw","none","d","pgw06",10,0,0,0,"PGW","burn","D","PGW06",0.809036144578313,1.64080560420315,0.697701149425287,0,0.4,0,0.2,0,0.4,0,0.2,0,0,0,0,0,0,0,0,0,0,8,0,0,0,0,0,0,0,0,0,0,0,0,0,0,0,0,0,0,0,0,0,0,0,0,0,0
"115","pgw","none","d","pgw07",1,0,1,1,"PGW","burn","D","PGW07",0.809036144578313,1.0938704028021,0.697701149425287,0.383848797250859,0.8,0,0,0,0.4,0,0.2,0,0,0,0,0,0,0,0,0,0,3,0,0,0,0,0,0,0,0,0,0,0,0,0,0,0,0,0,0,0,0,0,0.2,0,0,0,0
"116","pgw","none","d","pgw08",2,0,0,0,"PGW","burn","D","PGW08",1.01129518072289,0,1.74425287356322,0.479810996563574,0,5,0,0,1.25,0,0,0,0,0,0,0,0,0,0,0,0,0.25,0,0,0,0,0,0,0,0,0,0,0.25,0,0,0,0,0,0,0,0,0,0,0,0,0,0,0
"117","pgw","none","d","pgw09",0,0,1,1,"PGW","burn","D","PGW09",0,0.781336002001501,1.49507389162562,0.548355424644084,0.285714285714286,0.142857142857143,0,0,0,0,0,4.28571428571429,0,0.571428571428571,0,0,0,0,0,0,0,0.142857142857143,0,0,0,0,0,0,0,0,0,0,0,0,0,0,0,0,0,0,0,0.142857142857143,0,0.285714285714286,0,0,0,0
"118","pgw","none","d","pgw10",1,1,0,2,"PGW","burn","D","PGW10",0.577882960413081,0.781336002001501,0.996715927750411,0.548355424644084,0.142857142857143,1.42857142857143,0.142857142857143,0.142857142857143,1,0,0,0,0,0,0,0,0,0,0,0,0,1.14285714285714,0,0,0,0,0,0,0,0,0,0,0.142857142857143,0,0,0,0,0,0,0,0,0,0,0,0,0,0,0
"119","pgw","rx","a","pgw01",4,0,0,4,"PGW","control","A","PGW01",0,1.36733800350263,1.74425287356322,0,3.33333333333333,0,0.166666666666667,0,0,0,0.166666666666667,0,0,0.166666666666667,0,0,0,0,0,0,0,0.166666666666667,0.166666666666667,0,0,0,0,0,0,0,0,0,0,0,0,0,0,0,0.166666666666667,0,0,0,0,0,0,0,0,0
"120","pgw","rx","a","pgw02",12,0,0,12,"PGW","control","A","PGW02",0.505647590361446,1.02550350262697,1.30818965517241,0.239905498281787,0.125,0,6.25,0,0.25,0,0,0,0,0.625,0,0.125,0,0,0,0,0,0.25,0.125,0,0,0,0.125,0,0,0,0,0,0,0,0,0,0,0,0,0,0,0,0,0,0,0,0,0
"121","pgw","rx","a","pgw03",3,0,0,3,"PGW","control","A","PGW03",0.404518072289157,0.820402802101576,0.697701149425287,0.767697594501718,0.1,0,3.5,0,0.2,0,0,0,0.1,0,0,0.1,0,0,0,0,0,0.1,0,0,0,0,0,0,0,0,0,0,0.1,0,0.1,0,0,0,0.1,0,0.1,0.1,0,0,0,0,0,0
"122","pgw","rx","a","pgw04",5,0,0,5,"PGW","control","A","PGW04",0.367743702081052,0.745820729183251,1.26854754440961,0.523430178069353,0.0909090909090909,0.272727272727273,0,0,0.272727272727273,0.0909090909090909,0,0,0.0909090909090909,0.0909090909090909,0,0.0909090909090909,0,0,0,0,0,0.181818181818182,0.0909090909090909,0,0,0,0,0,0,0,0,0,0,0,0,0,0,0,0,0,0.0909090909090909,0.0909090909090909,0,0,0,0,0,0
"123","pgw","rx","a","pgw05",8,0,0,8,"PGW","control","A","PGW05",0,0.911558669001751,1.55044699872286,0.426498663612066,0.111111111111111,1.11111111111111,0,0.222222222222222,0,0,0,0,0.111111111111111,0.222222222222222,0,0.222222222222222,0,0,0,0,0.333333333333333,0.666666666666667,0.111111111111111,0,0,0,0,0,0,0,0,0,0,0,0,0,0,0,0,0,0,0,0,0,0,0,0,0
"124","pgw","rx","a","pgw06",4,0,0,4,"PGW","control","A","PGW06",0.809036144578313,1.0938704028021,1.39540229885057,0,7,0,0,0,0.8,0,0,0.4,0,0,0,0,0,0,0,0,0,0.2,0.2,0,0,0,0,0,0,0,0,0,0,0,0,0,0,0,0,0,0,0,0,0,0,0,0,0
"125","pgw","rx","a","pgw07",5,3,0,8,"PGW","control","A","PGW07",0,1.02550350262697,0.872126436781609,0.719716494845361,0.125,0,0.125,0.125,0,0,0,0,0,0.125,0,0.125,0,0,0,0,0,0.5,0,0,0,0,0,0,0,0,0,0,0.125,0.125,0,0,0,0,0,0,0,0,0,0,0,0.125,0,0
"126","pgw","rx","a","pgw08",18,1,0,16,"PGW","control","A","PGW08",0,1.0938704028021,0.697701149425287,0.767697594501718,0.2,0,0,0,0,0,0,0,0.2,0.2,0,0,0,0,0,0,0,0,0,0,0,0,0,0,0,0,0,0,0,0.2,0,0,0,0,0,0,0,0,0,0,0,0,0.2,0
"127","pgw","rx","a","pgw09",25,2,1,53,"PGW","control","A","PGW09",0,0.683669001751314,1.30818965517241,0.719716494845361,0.75,0,0.125,0,0,0,0,0,0,0.125,0,0,0,0,0,0,0,0.125,0.125,0,0,0,0.125,0,0,0,0,0,0,0.125,0,0,0,0,0,0,0,0,0,2.5,0,0,0,0
"128","pgw","rx","a","pgw10",75,0,0,10,"PGW","control","A","PGW10",0.404518072289157,0.546935201401051,1.04655172413793,0.767697594501718,0,0,1,0.1,0.1,0,0,0.1,0,0.3,0,0,0,0,0,0,0,0.1,0.1,0,0,0.1,0,0,0,0,0,0,0.1,0,0,0,0,0,0,0,0,0.1,0,0.2,0,0,0,0.1
"129","pgw","rx","b","pgw01",2,0,0,2,"PGW","control","B","PGW01",0.367743702081052,0.745820729183251,1.26854754440961,0.523430178069353,0.0909090909090909,0,0.0909090909090909,0.181818181818182,0.454545454545455,0,0,0,0.0909090909090909,0.181818181818182,0,0,0.0909090909090909,0,0.0909090909090909,0,0,0.0909090909090909,0.0909090909090909,0,0,0,0,0,0,0,0,0,0,0,0,0,0,0,0.0909090909090909,0,0,0,0,0,0,0,0,0
"130","pgw","rx","b","pgw02",40,0,0,40,"PGW","control","B","PGW02",0,1.36733800350263,0.872126436781609,0.479810996563574,0.125,0,0.25,0,0,0,0,0,0.125,0.25,0,0.125,0,0,0,0,0,0.25,0.125,0,0,0,0.125,0,0,0,0,0,0,0,0,0,0,0,0.25,0.125,0,0,0,0,0,0,0,0
"131","pgw","rx","b","pgw03",2,0,0,2,"PGW","control","B","PGW03",0.505647590361446,1.02550350262697,1.30818965517241,0.239905498281787,0.125,0,0.625,0,0.25,0,0,0,0,0.125,0,0.125,0,0,0,0,0,0.125,0,0,0,0,0,0,0,0,0,0,0,0,0,0,0,0,0.25,0,0.125,0,0,0,0,0,0,0
"132","pgw","rx","b","pgw04",8,0,0,8,"PGW","control","B","PGW04",0.505647590361446,0.341834500875657,0.872126436781609,0.959621993127148,0,0,0,0.375,1.25,0,0,0,0.375,0.125,0,0,0,0,0,0,0.125,0.25,0,0,0,0,0,0,0,0,0,0,0,0,0.125,0,0,0,0,0,0,0.125,0,0,0,0,0,0
"133","pgw","rx","b","pgw05",4,0,0,4,"PGW","control","B","PGW05",1.01129518072289,0,1.74425287356322,0.479810996563574,0,7.5,0,0,1,0,0,0,0,0,0,0,0,0,0,0,0,0.25,0,0,0,0,0,0,0,0,0,0,0,0,0,0,0,0,0,0,0,0.25,0,0,0,0,0,0
"134","pgw","rx","b","pgw06",3,0,0,3,"PGW","control","B","PGW06",0.505647590361446,0.683669001751314,1.30818965517241,0.479810996563574,0.125,2.5,0.25,0,0.375,0,0,0,0,0.25,0,0,0,0,0,0,0.25,0.25,0,0,0,0,0,0,0,0,0,0,0.125,0,0,0,0,0,0,0,0,0,0,0,0,0,0,0
"135","pgw","rx","b","pgw07",5,0,0,5,"PGW","control","B","PGW07",0,0.390668001000751,1.49507389162562,0.822533136966127,0.714285714285714,0,0,0,0,0,0,0,0,0.285714285714286,0,0,0,0,0,0,0.142857142857143,0.285714285714286,0.142857142857143,0,0,0,0.285714285714286,0,0,0,0,0,0,0,0,0,0,0,0,0,0,0.142857142857143,0,0,0,0,0,0
"136","pgw","rx","b","pgw08",17,0,1,19,"PGW","control","B","PGW08",0.674196787148594,0.455779334500876,1.74425287356322,0.319873997709049,0,0,0,0,0.666666666666667,0.5,0,0,0,0.5,0,2.5,0,0,0,0,0,0.166666666666667,0,0,0,0,0,0,0,0,0,0,0,0,0,0,0,0,0.166666666666667,0,0,0,0,0,0,0,0,0
"137","pgw","rx","b","pgw09",60,0,0,25,"PGW","control","B","PGW09",0,1.36733800350263,1.04655172413793,0.383848797250859,1,0,0.1,0,0,0,0.1,0,0.1,0.2,0,0.1,0,0,0,0,0,0.1,0,0,0,0,0.1,0,0,0,0.1,0,0,0.1,0,0,0,0,0,0,0,0,0,0,0,0,0,0
"138","pgw","rx","b","pgw10",65,0,0,75,"PGW","control","B","PGW10",0.44946452476573,0.607705779334501,1.16283524904215,0.639747995418099,0.555555555555556,0,0.222222222222222,0.111111111111111,0.111111111111111,0,0,0,0,0.333333333333333,0,0,0,0,0,0,0,0.111111111111111,0.111111111111111,0,0,0,0,0,0,0,0,0,0,0.111111111111111,0,0,0,0,0,0,0,0.111111111111111,0,0,0,0,0,0
"139","pgw","rx","c","pgw01",2,0,0,2,"PGW","control","C","PGW01",0,0.820402802101576,1.39540229885057,0.575773195876289,0.1,0,0.1,0,0,0,0,0,0,0.1,0,0.1,0.1,0.1,0.1,0,0,0.1,0.1,0,0,0,0,0,0,0,0,0,0,0,0,0,0,0,0.1,0,0,0,0,0,0,0,0,0
"140","pgw","rx","c","pgw02",4,0,0,4,"PGW","control","C","PGW02",0.674196787148594,1.36733800350263,1.16283524904215,0,0.166666666666667,0.166666666666667,8.33333333333333,0,0.5,0,0,0,0,0.166666666666667,0,0.166666666666667,0,0,0,0,0,0.166666666666667,0,0,0,0,0,0,0,0,0,0,0,0,0,0,0,0,0,0,0,0,0,0,0,0,0,0
"141","pgw","rx","c","pgw03",5,0,0,5,"PGW","control","C","PGW03",0.44946452476573,1.215411558669,1.16283524904215,0.213249331806033,0.111111111111111,0,0.111111111111111,0,0.555555555555556,0,0,0,0.111111111111111,0.111111111111111,0,0.111111111111111,0,0,0,0,0,0.222222222222222,0,0,0,0,0,0,0,0,0,0,0,0,0,0,0,0,0.111111111111111,0,0.111111111111111,0,0,0,0,0,0,0
"142","pgw","rx","c","pgw04",6,0,0,6,"PGW","control","C","PGW04",0.505647590361446,1.02550350262697,1.30818965517241,0.239905498281787,0.125,0.875,0,0,0.25,0,0,0,0.125,0,0,0.125,0,0,0,0,0,0.125,0,0,0,0,0,0,0,0,0.125,0,0,0,0,0,0,0,0,0,0,0.125,0,0,0,0,0,0
"143","pgw","rx","c","pgw05",5,1,0,6,"PGW","control","C","PGW05",0.809036144578313,1.0938704028021,0.697701149425287,0.383848797250859,0.2,5,0,0,1,0,0,0,0,0,0,0.2,0,0,0,0,0.2,0,0,0,0,0,0,0,0,0,0,0,0,0,0,0,0,0,0,0,0,0,0,0,0,0,0,0
"144","pgw","rx","c","pgw06",9,0,0,9,"PGW","control","C","PGW06",0.404518072289157,1.0938704028021,1.04655172413793,0.383848797250859,1,0.1,0.1,0,0.2,0,0,0,0.1,0.2,0,0.1,0,0,0,0,0,0,0.1,0,0,0,0.1,0,0,0,0,0.1,0,0,0,0,0,0,0,0,0,0,0,0,0,0,0,0
"145","pgw","rx","c","pgw07",7,0,0,5,"PGW","control","C","PGW07",0,0.455779334500876,1.74425287356322,0.639747995418099,5.83333333333333,0,0,0,0,0,0,0,0,0.333333333333333,0,0,0,0,0,0.166666666666667,0,0.166666666666667,0.333333333333333,0,0,0,0.166666666666667,0,0,0,0,0,0,0.166666666666667,0,0,0,0,0,0,0,0,0,0,0,0.166666666666667,0,0
"146","pgw","rx","c","pgw08",9,1,0,18,"PGW","control","C","PGW08",0.577882960413081,0.390668001000751,0.498357963875205,1.09671084928817,0.142857142857143,0,0,0,0.428571428571429,0.142857142857143,0,0,0,0.142857142857143,0,0,0,0,0,0,0,0,0,0,0,0,0,0,0,0,0,0,0.142857142857143,0.142857142857143,0,0,0,0,0,0,0,0,0,0.714285714285714,0,0,0,0
"147","pgw","rx","c","pgw09",30,1,0,61,"PGW","control","C","PGW09",0.809036144578313,1.0938704028021,0.697701149425287,0.383848797250859,0.2,0,2.4,0,0.2,0,0,0,0,0.2,0,0,0,0,0,0,0,0,0,0,0,0,0,0,0,0,0,0,0,0,0,0,0,0,0,0,0,0,0,0.4,0,0,0,0
"148","pgw","rx","c","pgw10",60,1,1,67,"PGW","control","C","PGW10",0,0.781336002001501,1.49507389162562,0.548355424644084,0.428571428571429,0,0.285714285714286,0,0,0,0,0,0,0.142857142857143,0,0,0,0,0,0,0,0.428571428571429,0,0,0,0,0,0,0,0,0,0,0.142857142857143,0,0,0,0,0,0.142857142857143,0,0,0.142857142857143,0,0,0,0,0,0
"149","pgw","rx","d","pgw01",16,3,0,19,"PGW","control","D","PGW01",0.404518072289157,1.0938704028021,1.04655172413793,0.383848797250859,0.1,0,0.2,0,0.4,0,0,0,0.1,0,0,0.1,0.1,0,0,0,0,0.1,0.1,0,0,0.1,0,0,0,0,0,0.1,0,0,0,0,0,0,0.1,0,0,0,0,0,0,0,0,0
"150","pgw","rx","d","pgw02",12,0,0,12,"PGW","control","D","PGW02",0.674196787148594,0.911558669001751,1.16283524904215,0.319873997709049,0.166666666666667,0,0.5,0.166666666666667,0.666666666666667,0,0,0,0,0,0,0,0,0,0,0,0,0.333333333333333,0,0,0,0,0,0,0,0,0,0,0,0,0,0,0,0,0.333333333333333,0,0,0,0,0,0,0,0,0
"151","pgw","rx","d","pgw03",2,0,0,2,"PGW","control","D","PGW03",0.505647590361446,0.683669001751314,1.30818965517241,0.479810996563574,0.125,0.125,0.25,0,0.75,0,0,0,0,0.25,0,0.125,0.125,0,0,0,0,0.125,0.125,0,0,0,0.125,0,0,0,0,0,0,0,0,0,0,0,0,0,0,0,0,0,0,0,0,0
"152","pgw","rx","d","pgw04",2,0,0,2,"PGW","control","D","PGW04",0.577882960413081,0.781336002001501,0.996715927750411,0.548355424644084,0,0,0.571428571428571,0,1.14285714285714,0,0,0,0.142857142857143,0,0,0.142857142857143,0,0,0,0,0,0.285714285714286,0,0,0,0,0,0,0,0,0,0,0,0,0.142857142857143,0,0,0,0.142857142857143,0,0.142857142857143,0,0,0,0,0,0,0
"153","pgw","rx","d","pgw05",4,0,0,4,"PGW","control","D","PGW05",1.34839357429719,0,2.32567049808429,0,0,13.3333333333333,0,0,1.66666666666667,0,0,0,0,0,0,0,0,0,0,0,0,0.333333333333333,0,0,0,0,0,0,0,0,0,0,0,0,0,0,0,0,0,0,0,0,0,0,0,0,0,0
"154","pgw","rx","d","pgw06",8,0,0,8,"PGW","control","D","PGW06",0,0.390668001000751,1.99343185550082,0.548355424644084,0.571428571428571,3.57142857142857,0,0,0,0,0,0,0,0.142857142857143,0,0,0,0,0,0.142857142857143,0.285714285714286,0,0.142857142857143,0,0,0.142857142857143,0,0,0,0,0,0,0,0,0,0,0,0,0,0,0,0,0,0,0,0,0,0
"155","pgw","rx","d","pgw07",15,0,1,8,"PGW","control","D","PGW07",0,0.455779334500876,1.74425287356322,0.639747995418099,7.5,0,0,0,0,0,0,0,0,0.333333333333333,0,0,0,0,0,0,0,0.166666666666667,0.166666666666667,0,0,0,0.166666666666667,0,0,0,0,0,0,0,0,0,0,0,0,0,0,0,0,0,0,0.166666666666667,0,0
"156","pgw","rx","d","pgw08",50,0,0,9,"PGW","control","D","PGW08",0.44946452476573,0.607705779334501,0.77522349936143,0.852997327224131,0,0,0.111111111111111,0.111111111111111,0.666666666666667,0,0,0,0,0.111111111111111,0,0.111111111111111,0,0.111111111111111,0,0,0,1.11111111111111,0,0,0,0,0,0,0,0,0,0,0.111111111111111,0,0.111111111111111,0,0,0,0,0,0,0,0,0,0,0,0,0
"157","pgw","rx","d","pgw09",10,0,0,30,"PGW","control","D","PGW09",0,1.17200400300225,0.996715927750411,0.548355424644084,0.142857142857143,0,2.14285714285714,0,0,0,0,0,0.142857142857143,0.285714285714286,0,0,0,0,0,0,0,0,0.142857142857143,0,0,0,0,0,0,0,0,0,0,0.142857142857143,0,0,0,0,0,0,0,0,0,2.85714285714286,0,0,0,0
"158","pgw","rx","d","pgw10",30,1,0,61,"PGW","control","D","PGW10",0,1.0938704028021,1.39540229885057,0.383848797250859,0.8,0,5,0,0,0,0,0,0,0.2,0,0,0,0,0,0,0.2,0.2,0,0,0,0,0,0,0,0,0,0,0,0,0,0,0,0,0,0,0,0,0,0,0,0,0,0
"159","rc","none","a","rc01",0,0,0,0,"RC","burn","A","RC01",0.44946452476573,1.51926444833625,0.77522349936143,0.213249331806033,0.0555555555555556,0.555555555555556,0.0555555555555556,0,0.555555555555556,0,0.0555555555555556,0.0555555555555556,0.0555555555555556,0,0,0.0555555555555556,0,0,0,0,0,0.0555555555555556,0,0,0.0555555555555556,0,0,0,0,0,0,0,0,0,0,0,0,0,0,0,0,0,0,0,0,0,0,0
"160","rc","none","a","rc02",1,0,0,1,"RC","burn","A","RC02",1.34839357429719,0.911558669001751,1.16283524904215,0,0,1,0,0,3,0,0,0.333333333333333,0,0,0,0,0,0,0,0,0,0,0,0,0,0,0,0,0,0,0,0,0,0,0,0,0,0,0,0,0,0,0,0,0,0,0,0
"161","rc","none","a","rc03",0,0,0,0,"RC","burn","A","RC03",0.577882960413081,1.17200400300225,1.49507389162562,0,0.0714285714285714,0.428571428571429,0.142857142857143,0,1.14285714285714,0,0,0.142857142857143,0,0,0,0,0,0,0,0.142857142857143,0,0.285714285714286,0,0,0,0,0,0,0,0,0,0,0,0,0,0,0,0,0,0,0,0,0,0,0,0,0,0
"162","rc","none","a","rc04",5,0,1,6,"RC","burn","A","RC04",2.02259036144578,0,1.74425287356322,0,0,0,0,0,2.75,0,0,0,0,0,0,0,0,0,0,0,0,0.25,0,0,0,0,0,0,0,0,0,0,0,0,0,0,0,0,0,0,0,0,0,0,0,0,0,0
"163","rc","none","a","rc05",1,0,0,1,"RC","burn","A","RC05",0.577882960413081,1.17200400300225,0.498357963875205,0.274177712322042,0.0714285714285714,0,0,0,1.42857142857143,0,0.0714285714285714,0.0714285714285714,0,0,0,0,0,0,0.0714285714285714,0.0714285714285714,0,0,0.0714285714285714,0,0,0,0,0,0,0,0,0,0,0,0,0,0,0,0,0,0,0,0,0,0,0,0,0
"164","rc","none","a","rc06",1,0,0,1,"RC","burn","A","RC06",0,1.36733800350263,0.872126436781609,0.479810996563574,0.125,0,0,0,0,0.125,0.125,0,0,0,0,0,0,0,0,0,0,0.125,0,0,0,0,0,0,0,0,0,0,0,0,0,0,0,0,0,0,0,0,0,0,0,0,0,0
"165","rc","none","a","rc07",2,0,0,2,"RC","burn","A","RC07",0.809036144578313,1.0938704028021,1.39540229885057,0,0.1,0,0,0,0.2,0,0,0.4,0,0.1,0,0,0,0,0,0,0,0.2,0,0,0,0,0,0,0,0,0,0,0,0,0,0,0,0,0,0,0,0,0,0,0,0,0,0
"166","rc","none","b","rc01",3,0,0,3,"RC","burn","A","RC08",1.01129518072289,0.683669001751314,1.74425287356322,0,0,0.25,0,0,3.25,0,0,0.125,0,0,0,0,0,0,0,0,0,0.125,0,0,0,0,0,0,0,0,0,0,0,0,0,0,0,0,0,0,0,0,0,0,0,0,0,0
"167","rc","none","b","rc02",0,0,0,0,"RC","burn","A","RC09",1.34839357429719,0,2.32567049808429,0,0,2.33333333333333,0,0,1.66666666666667,0,0,0,0,0,0,0,0,0,0,0,0,0.166666666666667,0,0,0,0,0,0,0,0,0,0,0,0,0,0,0,0,0,0,0,0,0,0,0,0,0,0
"168","rc","none","b","rc03",0,0,0,0,"RC","burn","A","RC10",0.809036144578313,1.0938704028021,1.39540229885057,0,0.1,4.2,0,0,0.8,0,0,0.1,0,0,0,0,0,0,0,0,0,0.1,0,0,0,0,0,0,0,0,0,0,0,0,0,0,0,0,0,0,0,0,0,0,0,0,0,0
"169","rc","none","b","rc04",5,1,0,6,"RC","burn","B","RC01",2.02259036144578,0,1.74425287356322,0,0,2.5,0,0,1.5,0,0,0,0,0,0,0,0,0,0,0,0,0,0,0,0,0,0,0,0,0,0,0,0,0,0,0,0,0,0,0,0,0,0,0,0,0,0,0
"170","rc","none","b","rc05",2.5,0,0,2.5,"RC","burn","B","RC02",0.674196787148594,0.911558669001751,0.581417624521073,0.639747995418099,0.0833333333333333,0,0,0,0.166666666666667,0.0833333333333333,0,0.0833333333333333,0,0,0,0,0,0,0.0833333333333333,0,0,0.0833333333333333,0,0,0,0,0,0,0,0,0,0,0,0,0,0,0,0,0,0,0,0,0,0,0,0,0,0
"171","rc","none","b","rc06",2,0,1,3,"RC","burn","B","RC03",0.505647590361446,1.02550350262697,1.30818965517241,0.239905498281787,0.0625,0.125,0,0,0.1875,0,0,0.0625,0.0625,0,0,0,0,0,0.0625,0.0625,0,0.5,0,0,0,0,0,0,0,0,0,0,0,0,0,0,0,0,0,0,0,0,0,0,0,0.0625,0,0
"172","rc","none","b","rc07",1,0,0,1,"RC","burn","B","RC04",0.674196787148594,1.36733800350263,1.16283524904215,0,0.0833333333333333,0,0,0,0.0833333333333333,0,0,0.5,0.5,0.0833333333333333,0,0,0,0,0,0,0,0.0833333333333333,0,0,0,0,0,0,0,0,0,0,0,0,0,0,0,0,0,0,0,0,0,0,0,0,0,0
"173","rc","none","c","rc01",0,0,0,0,"RC","burn","B","RC05",0.809036144578313,0.546935201401051,1.39540229885057,0,0.1,0,0,0,1,0,0,0.2,0,0,0.1,0,0,0,0,0.1,0,0.1,0,0,0,0,0,0,0,0,0,0,0,0,0,0,0,0,0,0,0,0,0,0,0,0,0,0
"174","rc","none","c","rc02",0,0,0,0,"RC","burn","B","RC06",0,0.911558669001751,2.32567049808429,0,0,1,0,0,0,0,0.166666666666667,0,0,0,0,0,0,0,0,0,0,0.166666666666667,0,0,0,0,0,0,0,0,0,0,0,0,0,0,0,0,0,0,0,0,0,0,0,0,0,0
"175","rc","none","c","rc03",2,0,0,2,"RC","burn","B","RC07",0.809036144578313,0.546935201401051,2.09310344827586,0,0.1,0.1,0,0,1,0,0,0.1,0,0.1,0,0,0,0,0,0.1,0,0.2,0,0,0,0,0,0,0,0,0,0,0,0,0,0,0,0,0,0,0,0,0,0,0,0,0,0
"176","rc","none","c","rc04",6,0,1,7,"RC","burn","B","RC08",0.674196787148594,0.911558669001751,1.74425287356322,0,0.166666666666667,0.333333333333333,0,0,0.5,0,0.166666666666667,0,0,0,0,0,0,0,0,0.0833333333333333,0,0.333333333333333,0,0,0,0,0,0,0,0,0,0,0,0,0,0,0,0,0,0,0,0,0,0,0,0,0,0
"177","rc","none","c","rc05",2,1,1,4,"RC","burn","B","RC09",1.34839357429719,0,2.32567049808429,0,0,2,0,0,1.33333333333333,0,0,0,0,0,0,0,0,0,0,0,0,0.166666666666667,0,0,0,0,0,0,0,0,0,0,0,0,0,0,0,0,0,0,0,0,0,0,0,0,0,0
"178","rc","none","c","rc06",4,0,0,4,"RC","burn","B","RC10",0.809036144578313,1.0938704028021,1.39540229885057,0,0.1,3,0,0,0.6,0,0.1,0.1,0,0,0,0,0,0,0,0,0,0.1,0,0,0,0,0,0,0,0,0,0,0,0,0,0,0,0,0,0,0,0,0,0,0,0,0,0
"179","rc","none","d","rc01",1,0,1,2,"RC","burn","C","RC01",0,1.36733800350263,0.872126436781609,0.479810996563574,0,0.625,0,0,0,0.0625,0.0625,0.0625,0.0625,0,0,0.0625,0,0,0.0625,0,0,0.0625,0,0,0,0,0,0,0,0,0,0,0,0,0,0,0,0,0,0,0,0,0,0,0,0,0,0
"180","rc","none","d","rc02",4,0,1,5,"RC","burn","C","RC02",1.01129518072289,0.683669001751314,0.872126436781609,0.479810996563574,0,0.125,0,0,0.5,0,0,0,0.125,0,0,0,0,0,0.125,0,0,0,0,0,0,0,0,0,0,0,0,0,0,0,0,0,0,0,0,0,0,0,0,0,0,0,0,0
"181","rc","none","d","rc03",2,0,0,2,"RC","burn","C","RC03",1.34839357429719,0.911558669001751,1.16283524904215,0,0,0.833333333333333,0,0,1,0,0,0.166666666666667,0,0,0,0,0,0,0,0,0,0,0,0,0,0,0,0,0,0,0,0,0,0,0,0,0,0,0,0,0,0,0,0,0,0,0,0
"182","rc","none","d","rc04",3,0,0,3,"RC","burn","C","RC04",1.34839357429719,0.911558669001751,1.16283524904215,0,0.333333333333333,0,0,0,2.66666666666667,0,0,0,0,0,0,0,0,0,0,0,0,0.333333333333333,0,0,0,0,0,0,0,0,0,0,0,0,0,0,0,0,0,0,0,0,0,0,0,0,0,0
"183","rc","none","d","rc05",1,0,0,1,"RC","burn","C","RC05",0.674196787148594,0.911558669001751,1.16283524904215,0.319873997709049,0.0833333333333333,0.0833333333333333,0,0,0.5,0,0.0833333333333333,0,0,0,0,0,0,0,0.166666666666667,0,0,1,0,0,0,0,0,0,0,0,0,0,0,0,0,0,0,0,0,0,0,0,0,0,0,0,0,0
"184","rc","none","d","rc06",3,1,0,4,"RC","burn","C","RC06",0.577882960413081,0.781336002001501,0.498357963875205,0.822533136966127,0.0714285714285714,0.0714285714285714,0,0,0.285714285714286,0.0714285714285714,0,0.285714285714286,0,0,0,0,0,0,0,0,0.285714285714286,0,0,0,0,0,0,0,0,0,0,0,0,0,0,0,0,0,0,0,0,0,0,0,0,0.0714285714285714,0,0
"185","rc","rx/wild","a","rc01",0,0,0,0,"RC","burn","C","RC07",0.809036144578313,0.546935201401051,1.39540229885057,0.383848797250859,0,0,0,0,0.4,0,0.1,0,0,0,0,0,0,0,0.1,0.1,0,0.4,0,0,0,0,0,0,0,0,0,0,0,0,0,0,0,0,0,0,0,0,0,0,0,0,0,0
"186","rc","rx/wild","a","rc02",18,0,0,18,"RC","burn","C","RC08",0.809036144578313,1.0938704028021,1.39540229885057,0,0.1,0.1,0,0,1.6,0,0.2,0,0,0,0,0,0,0,0,0,0,0.1,0,0,0,0,0,0,0,0,0,0,0,0,0,0,0,0,0,0,0,0,0,0,0,0,0,0
"187","rc","rx/wild","a","rc03",10,0,1,11,"RC","burn","C","RC09",1.01129518072289,0,1.74425287356322,0,0,0.75,0,0,2,0,0,0,0,0,0,0,0,0,0,0,0,0.125,0,0,0,0,0,0,0,0,0,0,0,0,0,0,0,0,0,0,0,0,0,0,0,0,0,0
"188","rc","rx/wild","a","rc04",45,0,15,60,"RC","burn","C","RC10",0.674196787148594,1.36733800350263,1.16283524904215,0,0.166666666666667,1.5,0,0,0.333333333333333,0,0.0833333333333333,0.0833333333333333,0,0,0,0,0,0,0,0,0,0.0833333333333333,0,0,0,0,0,0,0,0,0,0,0,0,0,0,0,0,0,0,0,0,0,0,0,0,0,0
"189","rc","rx/wild","a","rc05",4,0,2,6,"RC","burn","D","RC01",0,1.8231173380035,1.16283524904215,0,0,1.33333333333333,0,0,0,0,0.166666666666667,0,0,0,0,0.166666666666667,0,0,0,0,0,0,0,0,0,0,0,0,0,0,0,0,0,0,0,0,0,0,0,0,0,0,0,0,0,0,0,0
"190","rc","rx/wild","a","rc06",6,0,1,7,"RC","burn","D","RC02",1.01129518072289,1.36733800350263,0,0.479810996563574,0.125,0,0,0,2,0,0.125,0,0,0,0,0,0,0,0.125,0,0,0,0,0,0,0,0,0,0,0,0,0,0,0,0,0,0,0,0,0,0,0,0,0,0,0,0,0
"191","rc","rx/wild","a","rc07",24,0,2,26,"RC","burn","D","RC03",0,0.911558669001751,1.16283524904215,0.639747995418099,0.0833333333333333,0.833333333333333,0,0,0,0,0,0.333333333333333,0,0,0,0,0,0,0.25,0,0,0.0833333333333333,0,0,0,0,0,0,0,0,0,0,0,0,0,0,0,0,0,0,0,0,0,0,0,0,0,0
"192","rc","rx/wild","a","rc08",20,0,5,25,"RC","burn","D","RC04",0.809036144578313,1.0938704028021,0.697701149425287,0.383848797250859,0.2,0,0,0,2,0,0,0.2,0,0,0,0,0,0,0.2,0,0,0.2,0,0,0,0,0,0,0,0,0,0,0,0,0,0,0,0,0,0,0,0,0,0,0,0,0,0
"193","rc","rx/wild","a","rc09",15,0,1,16,"RC","burn","D","RC05",0.674196787148594,0.911558669001751,1.16283524904215,0.319873997709049,0.166666666666667,0.0833333333333333,0,0,1,0,0,0.5,0,0,0,0,0,0,0,0,0.166666666666667,0.5,0,0,0,0,0,0,0,0,0,0,0,0,0,0,0,0,0,0,0,0,0,0,0,0,0,0
"194","rc","rx/wild","a","rc10",10,0,1,11,"RC","burn","D","RC06",0,0.546935201401051,2.09310344827586,0.383848797250859,0,1.6,0,0,0,0.1,0,0,0.1,0,0,0,0,0,0,0.1,0,0.2,0,0,0,0,0,0,0,0,0,0,0,0,0,0,0,0,0,0,0,0,0,0,0,0,0,0
"195","rc","rx/wild","b","rc01",1,0,0,1,"RC","burn","D","RC07",1.01129518072289,0.683669001751314,1.74425287356322,0,0,0.125,0,0,0.75,0,0,0.125,0,0,0,0,0,0,0,0.125,0,0.25,0,0,0,0,0,0,0,0,0,0,0,0,0,0,0,0,0,0,0,0,0,0,0,0,0,0
"196","rc","rx/wild","b","rc02",7,3,0,10,"RC","burn","D","RC08",1.34839357429719,0.911558669001751,1.16283524904215,0,0,0,0,0,1.66666666666667,0,0.166666666666667,0,0,0,0,0,0,0,0,0,0,0.333333333333333,0,0,0,0,0,0,0,0,0,0,0,0,0,0,0,0,0,0,0,0,0,0,0,0,0,0
"197","rc","rx/wild","b","rc03",5,0,0,5,"RC","burn","D","RC09",1.01129518072289,0.683669001751314,0.872126436781609,0,0,0,0,0,2.5,0,0,0,0.125,0,0,0,0,0,0,0,0,0.125,0,0,0,0,0,0,0,0,0,0,0,0,0,0,0,0,0,0,0,0,0,0,0,0,0,0
"198","rc","rx/wild","b","rc04",12,0,1,13,"RC","burn","D","RC10",0.674196787148594,1.36733800350263,0.581417624521073,0,0.0833333333333333,0.666666666666667,0,0,0.833333333333333,0,0.0833333333333333,0.0833333333333333,0,0,0,0,0,0,0,0,0,0,0,0,0,0,0,0,0,0,0,0,0,0,0,0,0,0,0,0,0,0,0,0,0,0,0,0
"199","rc","rx/wild","b","rc05",2,0,5,7,"RC","control","A","RC01",0,1.36733800350263,1.16283524904215,0.319873997709049,6.66666666666667,0,0,0,0,0.0833333333333333,0.0833333333333333,0.166666666666667,0.0833333333333333,0.166666666666667,0,0,0,0,0,0,0,0,0.0833333333333333,0,0,0,0,0,0,0,0,0,0,0,0,0,0,0,0,0,0,0,0,0,0,0,0,0
"200","rc","rx/wild","b","rc06",10,0,1,11,"RC","control","A","RC02",0,1.17200400300225,0.996715927750411,0.274177712322042,3.14285714285714,0,0,0,0,0.0714285714285714,0,0.571428571428571,0.0714285714285714,0,0.0714285714285714,0,0,0,0,0,0,0.0714285714285714,0.0714285714285714,0,0,0,0,0,0,0,0,0,0,0,0,0,0,0,0,0,0,0,0,0,0,0,0,0
"201","rc","rx/wild","b","rc07",9,0,1,10,"RC","control","A","RC03",0.674196787148594,0.911558669001751,1.16283524904215,0.319873997709049,2,0.0833333333333333,0,0,0.5,0,0,0.666666666666667,0,0.0833333333333333,0,0,0,0,0,0,0,0,0,0,0,0,0,0,0,0,0,0,0,0,0,0,0,0,0,0,0,0,0,0,0,0.0833333333333333,0,0
"202","rc","rx/wild","b","rc08",19,0,6,25,"RC","control","A","RC04",0,0.781336002001501,0.996715927750411,0.548355424644084,1,0,0,0,0,0,0,0.714285714285714,0,0.714285714285714,0,0,0,0,0,0,0,0,0.0714285714285714,0.0714285714285714,0,0,0,0,0,0,0,0,0,0.142857142857143,0,0,0,0,0,0,0,0,0,0,0,0,0,0
"203","rc","rx/wild","b","rc09",21,0,3,24,"RC","control","A","RC05",0,1.36733800350263,0.872126436781609,0.479810996563574,6.5,0,0,0,0,0,0,0.5,0,0.125,0,0,0,0,0,0,0,0,0,0,0,0,0,0,0,0,0,0,0,0,0,0,0,0,0,0,0,0,0,0,0,0.125,0,0
"204","rc","rx/wild","b","rc10",29,0,1,30,"RC","control","A","RC06",0,1.51926444833625,1.16283524904215,0.213249331806033,0.555555555555556,0,0.333333333333333,0,0,0,0.0555555555555556,0.111111111111111,0,0.111111111111111,0,0.111111111111111,0,0,0.777777777777778,0,0,0.0555555555555556,0.0555555555555556,0,0,0,0,0,0,0,0,0,0,0,0,0,0,0,0,0,0,0,0,0,0,0,0,0
"205","rc","rx/wild","c","rc01",2,0,0,2,"RC","control","A","RC07",0.367743702081052,0.994427638911001,0.95141065830721,0.348953452046236,0.818181818181818,0,0.0454545454545455,0,0.909090909090909,0,0,0.272727272727273,0,0.0909090909090909,0,0.0454545454545455,0,0,0,0,0.0454545454545455,0.0454545454545455,0,0.0454545454545455,0,0,0,0,0,0,0,0,0,0,0,0,0,0,0,0,0,0,0,0,0,0,0,0
"206","rc","rx/wild","c","rc02",5,15,2,22,"RC","control","B","RC01",0.809036144578313,1.64080560420315,0.697701149425287,0,4,0,0,0,0.8,0,0.2,0.2,0,0.4,0,0,0,0,0,0,0,0,0,0,0,0,0,0,0,0,0,0,0,0,0,0,0,0,0,0,0,0,0,0,0,0,0,0
"207","rc","rx/wild","c","rc03",34,0,1,35,"RC","control","B","RC02",0,1.02550350262697,0.872126436781609,0.479810996563574,0.25,0,0,0,0,0.0625,0,0.0625,0.0625,0.25,0.0625,0,0,0,0.0625,0,0,0,0.0625,0,0,0,0,0,0,0,0,0,0,0,0,0,0,0,0,0,0,0,0,0,0,0,0,0
"208","rc","rx/wild","c","rc04",7,1,0,8,"RC","control","B","RC03",0.337098393574297,0.911558669001751,1.16283524904215,0.479810996563574,0.333333333333333,0,0.25,0,0.5,0,0,0.0833333333333333,0.0416666666666667,0.0833333333333333,0,0.0416666666666667,0,0,0,0,0.0833333333333333,0.0416666666666667,0.0416666666666667,0.0416666666666667,0,0,0,0,0,0,0,0,0,0.0416666666666667,0,0,0,0,0,0,0,0,0,0,0,0,0,0
"209","rc","rx/wild","c","rc05",0,0,0,0,"RC","control","B","RC04",0,1.02550350262697,1.30818965517241,0.239905498281787,1,0,0,0,0,0,0,0.75,0,0.125,0,0.125,0,0,0,0,0,0,0.0625,0.0625,0,0,0,0,0,0,0,0,0,0,0,0,0,0,0,0,0,0,0,0,0,0,0,0
"210","rc","rx/wild","c","rc06",8,0,0,8,"RC","control","B","RC05",0.577882960413081,1.562672004003,0.498357963875205,0,1.28571428571429,0,0.428571428571429,0,0.571428571428571,0,0,0.285714285714286,0.0714285714285714,0.142857142857143,0,0.0714285714285714,0,0,0,0,0,0,0,0,0,0,0,0,0,0,0,0,0,0,0,0,0,0,0,0,0,0,0,0,0,0,0,0
"211","rc","rx/wild","c","rc07",13,0,1,14,"RC","control","B","RC06",0.44946452476573,1.51926444833625,0.77522349936143,0.213249331806033,0.888888888888889,0,0.111111111111111,0,0.444444444444444,0,0,0.0555555555555556,0.0555555555555556,0.111111111111111,0,0.333333333333333,0,0,0,0,0,0,0,0,0,0,0,0,0,0,0,0,0,0.0555555555555556,0,0,0,0,0,0,0,0,0,0,0,0,0,0
"212","rc","rx/wild","c","rc08",19,0,0,19,"RC","control","B","RC07",0.44946452476573,0.911558669001751,1.16283524904215,0.213249331806033,1.11111111111111,0,0,0,0.111111111111111,0,0,0.222222222222222,0,0.333333333333333,0,0.333333333333333,0,0,0,0,0,0.111111111111111,0,0.0555555555555556,0,0,0,0,0,0,0,0,0,0,0,0,0,0,0,0,0,0,0,0,0,0,0,0
"213","rc","rx/wild","c","rc09",27,0,1,28,"RC","control","C","RC01",1.01129518072289,1.36733800350263,0.872126436781609,0,2,0,0,0,0.75,0,0.125,0,0,0.75,0,0,0,0,0,0,0,0,0,0,0,0,0,0,0,0,0,0,0,0,0,0,0,0,0,0,0,0,0,0,0,0,0,0
"214","rc","rx/wild","c","rc10",20,0,1,21,"RC","control","C","RC02",0.505647590361446,0.683669001751314,1.30818965517241,0.239905498281787,1.125,0.0625,0,0,0.25,0,0,0.375,0,0.25,0.0625,0,0,0,0,0,0,0,0.125,0,0,0,0,0,0,0,0,0,0.0625,0,0,0,0,0,0,0,0,0,0,0,0,0,0,0
"215","rc","rx/wild","d","rc01",1,0,1,2,"RC","control","C","RC03",0,1.8231173380035,0.581417624521073,0.319873997709049,0.166666666666667,0,0,0,0,0,0.166666666666667,0,0.0833333333333333,0.0833333333333333,0,0.333333333333333,0,0,0,0,0,0,0,0,0,0,0,0,0,0,0,0,0,0.0833333333333333,0,0,0,0,0,0,0,0,0,0,0,0,0,0
"216","rc","rx/wild","d","rc02",20,4,0,24,"RC","control","C","RC04",0.674196787148594,1.8231173380035,0.581417624521073,0,0.166666666666667,0.166666666666667,0.333333333333333,0,0.166666666666667,0,0,0.0833333333333333,0,0,0,0.166666666666667,0,0,0,0,0,0,0,0,0,0,0,0,0,0,0,0,0,0,0,0,0,0,0,0,0,0,0,0,0,0,0,0
"217","rc","rx/wild","d","rc03",15,0,0,15,"RC","control","C","RC05",0.505647590361446,1.36733800350263,0.872126436781609,0,2.25,0.0625,0,0,0.375,0,0,0.375,0.0625,0.0625,0,0.125,0,0,0,0,0,0,0,0,0,0,0,0,0,0,0,0,0,0,0,0,0,0,0,0,0,0,0,0,0,0,0,0
"218","rc","rx/wild","d","rc04",7,1,1,9,"RC","control","C","RC06",0.809036144578313,1.0938704028021,0.697701149425287,0.383848797250859,9,0,0,0,0.4,0,0,0.4,0,0,0,0,0,0,0,0,0,0,0.1,0.1,0,0,0,0,0,0,0,0,0,0,0,0,0,0,0,0,0,0,0,0,0,0,0,0
"219","rc","rx/wild","d","rc05",2,0,0,2,"RC","control","D","RC01",0.809036144578313,2.1877408056042,0,0,0.4,0,0,0,1.4,0,0.1,0.1,0.1,0,0,0.4,0,0,0,0,0,0,0,0,0,0,0,0,0,0,0,0,0,0,0,0,0,0,0,0,0,0,0,0,0,0,0,0
"220","rc","rx/wild","d","rc06",21,1,1,23,"RC","control","D","RC02",0,1.36733800350263,0.436063218390805,0.479810996563574,0.25,0,0.0625,0,0,0.25,0,0.0625,0.125,0,0.0625,0,0,0,0.5,0,0,0.0625,0.0625,0,0,0,0,0,0,0,0,0,0,0,0,0,0,0,0,0,0,0,0,0,0,0,0,0
"221","rc","rx/wild","d","rc07",10,0,1,11,"RC","control","D","RC03",0.505647590361446,1.02550350262697,0.872126436781609,0.479810996563574,1.25,0,0,0,0.75,0,0,0.25,0,0.5,0,0.125,0,0,0,0,0,0,0.125,0,0,0,0,0,0,0,0,0,0,0,0,0,0,0,0,0,0,0,0,0,0,0,0.25,0
"222","rc","rx/wild","d","rc08",36,0,18,54,"RC","control","D","RC04",0,1.36733800350263,0.436063218390805,0.479810996563574,2.25,0,0.0625,0,0,0,0,0.375,0.0625,0.0625,0,0.0625,0,0,0,0,0,0,0,0.0625,0,0,0,0,0,0,0,0,0,0.125,0,0,0,0,0,0,0,0,0,0,0,0,0,0
"223","rc","rx/wild","d","rc09",19,0,2,21,"RC","control","D","RC05",0.44946452476573,1.51926444833625,0.387611749680715,0.213249331806033,1.33333333333333,0,0.0555555555555556,0,0.333333333333333,0,0.0555555555555556,0.222222222222222,0.222222222222222,0.0555555555555556,0,0,0,0,0,0,0,0,0,0.0555555555555556,0,0,0,0,0,0,0,0,0,0,0,0,0,0,0,0,0,0,0,0,0,0,0,0
"224","rc","rx/wild","d","rc10",11,0,0,11,"RC","control","D","RC06",0.674196787148594,0.911558669001751,1.16283524904215,0.319873997709049,2.5,0,0,0,0.666666666666667,0,0,0.5,0,0.166666666666667,0,0,0,0,0,0,0,0,0.0833333333333333,0,0,0,0,0,0,0,0,0,0,0,0,0,0,0,0,0,0,0,0,0,0,0.0833333333333333,0,0
