"","Site","Treatment","Quad","ID","ng.cov","nng.cov","nnf.cov","nf.cov","BRODIA","EROBOT","FESMYU","SANARG","STIPUL","ACARAR","AVEBAR","AVEFAT","BROMAD","CENMEL","UNKNOWN","BROHOR","LASGRA","SPEMAC","LEPNIT","SALTRA","ACHMIL","EROCIC","SONOLE","DAUPUS","LUPBIC","MAFOFO","GILNEV","CALMEN","AVESPP","EROMOS","GALAPA","CRYINT","BROKIN","PTEDRY","CRACON","CALCIL","FESSPP","JEPMAL","HYPGLA","PELAND","AMBPUS","DICCAP","ALLPRA","CALMAC","OPULIT","AMSINT","AMSMEN","VIOPED"
"1","PGE","burn","A","PGE01",0.809036144578313,1.0938704028021,0.697701149425287,0.383848797250859,0.1,5,0.1,0.1,0.4,0,0,0,0,0,0,0,0,0,0,0,0,0,0,0,0,0,0,0,0,0,0,0,0,0,0,0,0,0,0,0,0,0,0,0,0,0,0,0
"2","PGE","burn","A","PGE02",0.674196787148594,0.911558669001751,0.581417624521073,0.639747995418099,0,0.666666666666667,0,1,0.833333333333333,0,0,0.0833333333333333,0.0833333333333333,0,0,0.0833333333333333,0,0,0.0833333333333333,0,0,0,0,0,0,0,0,0,0,0,0,0,0,0,0,0,0,0,0,0,0,0,0,0,0,0,0,0
"3","PGE","burn","A","PGE03",0.674196787148594,1.36733800350263,1.16283524904215,0,0.166666666666667,5.83333333333333,0,0,0.5,0,0,0,0.166666666666667,0,0,0.0833333333333333,0,0,0,0,0,0.0833333333333333,0,0,0,0,0,0,0,0,0,0,0,0,0,0,0,0,0,0,0,0,0,0,0,0,0,0
"4","PGE","burn","A","PGE04",0,1.36733800350263,1.74425287356322,0,0.125,2.75,0,0,0,0,0,0,0,0,0,0.125,0,0,0,0,0,0.25,0,0,0,0,0,0,0,0,0,0,0,0,0,0,0,0,0,0,0,0,0,0,0,0,0,0
"5","PGE","burn","A","PGE05",0,1.64080560420315,1.39540229885057,0,0.1,1,0.5,0,0,0,0,0,0.1,0,0,0,0,0,0,0,0,0.1,0,0,0,0,0,0,0,0,0,0,0,0,0,0,0,0,0,0,0,0,0,0,0,0,0,0
"6","PGE","burn","A","PGE06",0.44946452476573,0.607705779334501,1.55044699872286,0.426498663612066,0,0.222222222222222,0.111111111111111,0,1,0,0,0.111111111111111,0,0.111111111111111,0,0.111111111111111,0,0,0,0,0,0.222222222222222,0.111111111111111,0,0,0,0,0,0,0,0,0.111111111111111,0.111111111111111,0,0,0,0,0,0,0,0,0,0,0,0,0,0,0
"7","PGE","burn","A","PGE07",0.577882960413081,1.17200400300225,1.49507389162562,0,0,0.142857142857143,0,0,0.142857142857143,0,0.142857142857143,0,0.142857142857143,0.142857142857143,0,0.142857142857143,0,0,0,0,0,0.285714285714286,0,0,0,0,0,0,0,0,0,0,0,0,0,0,0,0,0,0,0,0,0,0,0,0,0,0
"8","PGE","burn","A","PGE08",0,0.455779334500876,1.74425287356322,0.639747995418099,0.166666666666667,0.5,0,0,0,0,0,0,0,0.166666666666667,0,0,0,0,0,0,0,0.166666666666667,0,0,0,0,0,0,0,0,0,0,3.33333333333333,0.166666666666667,0,0,0,0,0,0,0,0,0,0,0,0,0,0
"9","PGE","burn","A","PGE09",0,0.781336002001501,0.996715927750411,0.822533136966127,0.142857142857143,1.42857142857143,0,0,0,0,0,0,0,0,0,0,0,0,0,0,0,0.714285714285714,0,0,0,0,0,0,0,0,0,0.0714285714285714,0.857142857142857,0,0.428571428571429,0,0.714285714285714,0,0,0,0,0,0,0,0,0,0,0
"10","PGE","burn","A","PGE10",0.674196787148594,0.911558669001751,0.581417624521073,0.639747995418099,0.166666666666667,1.66666666666667,0.166666666666667,0,0.5,0,0,0,0,0,0,0,0,0,0,0,0,0,0,0,0,0,0,0,0,0,0,0,0.166666666666667,0,0.166666666666667,0,0,0,0,0,0,0,0,0,0,0,0,0
"11","PGE","burn","B","PGE02",0.577882960413081,0.781336002001501,1.49507389162562,0.274177712322042,0,0.285714285714286,0,0.0714285714285714,0.714285714285714,0,0,0.0714285714285714,0.285714285714286,0,0,0,0,0,0,0.0714285714285714,0.0714285714285714,0.0714285714285714,0,0,0,0,0,0,0,0,0,0,0,0,0,0,0,0,0,0,0,0,0,0,0,0,0,0
"12","PGE","burn","B","PGE03",0.505647590361446,1.02550350262697,0.872126436781609,0.479810996563574,0,1,0,0,0.25,0,0,0.0625,0.0625,0,0,0.0625,0,0,0.0625,0,0.0625,0.0625,0,0,0,0,0,0,0,0,0,0,0,0,0,0,0,0,0,0,0,0,0,0,0,0,0,0
"13","PGE","burn","B","PGE04",0.809036144578313,1.0938704028021,1.39540229885057,0,0.1,1.4,0,0,1.2,0,0,0,0.1,0,0,0,0,0,0,0,0,0.4,0,0,0,0,0,0,0,0,0,0,0,0,0,0,0,0,0,0,0,0,0,0,0,0,0,0
"14","PGE","burn","B","PGE05",0,2.05100700525394,0.872126436781609,0,0.125,2,0.125,0,0,0,0,0,0,0,0,0,0,0,0,0,0,0,0,0,0,0,0,0,0.125,0,0,0,0,0,0,0,0,0,0,0,0,0,0,0,0,0,0,0
"15","PGE","burn","B","PGE06",0.674196787148594,0.455779334500876,1.74425287356322,0.319873997709049,0,0.666666666666667,0.166666666666667,0,0.166666666666667,0,0,0.166666666666667,0,0.166666666666667,0,0,0,0,0,0,0,0.0833333333333333,0,0,0,0,0,0,0,0,0,0,0.166666666666667,0,0,0,0,0,0,0,0,0,0,0,0,0,0,0
"16","PGE","burn","B","PGE07",1.01129518072289,0.683669001751314,1.74425287356322,0,0.25,1.25,0,0,0.25,0,0,0,0,0,0,0,0,0,0,0,0,0.25,0,0,0,0,0,0,0,0,0,0,0,0,0,0,0,0,0,0,0,0,0,0,0,0,0,0
"17","PGE","burn","B","PGE08",0,1.0938704028021,1.39540229885057,0.383848797250859,0.2,2.4,0.2,0,0,0,0,0,0,0,0,0,0,0,0,0,0,0.2,0,0,0,0,0,0,0,0,0,0,0.4,0,0,0,0,0,0,0,0,0,0,0,0,0,0,0
"18","PGE","burn","B","PGE09",0.505647590361446,0.683669001751314,0.872126436781609,0.719716494845361,0.125,1,0,0,0.25,0,0,0,0,0,0,0,0,0,0,0,0,0.0625,0,0,0,0.0625,0,0,0,0,0,0,0.375,0,0.125,0,0.25,0,0,0,0,0,0,0,0,0,0,0
"19","PGE","burn","B","PGE10",0.505647590361446,0.683669001751314,0.872126436781609,0.719716494845361,0.125,0.875,0.125,0,0.5,0,0,0,0,0,0,0,0,0,0,0,0,0.125,0,0,0,0,0,0,0,0,0,0.125,0.25,0,0.125,0,0,0,0,0,0,0,0,0,0,0,0,0
"20","PGE","burn","C","PGE01",1.01129518072289,0.683669001751314,0.872126436781609,0.479810996563574,0,5,0,0.25,2,0,0,0.125,0,0,0,0,0,0,0,0,0,0,0,0,0,0,0,0,0,0,0,0,0,0,0,0,0,0,0,0,0,0,0,0,0,0,0,0
"21","PGE","burn","C","PGE03",0.809036144578313,1.64080560420315,0.697701149425287,0,0.6,1.6,0,0,0.8,0,0,0.1,0.1,0,0,0,0,0,0,0,0,0,0,0,0,0,0,0,0,0,0,0,0,0,0,0,0,0,0,0,0,0,0,0,0,0,0,0
"22","PGE","burn","C","PGE04",1.01129518072289,1.36733800350263,0.872126436781609,0,0.125,2.25,0,0,0.75,0,0.125,0,0.25,0,0,0,0,0,0,0,0,0,0,0,0,0,0,0,0,0,0,0,0,0,0,0,0,0,0,0,0,0,0,0,0,0,0,0
"23","PGE","burn","C","PGE05",0.809036144578313,1.0938704028021,1.39540229885057,0,0.2,1.2,0.1,0,0.4,0,0,0,0,0,0,0,0,0,0,0,0,0.1,0,0,0,0,0,0,0,0,0,0,0,0,0,0,0,0,0,0,0,0,0,0,0,0,0,0
"24","PGE","burn","C","PGE06",0.674196787148594,0.911558669001751,1.74425287356322,0,0,0.5,0.166666666666667,0,0.833333333333333,0,0.166666666666667,0,0,0.166666666666667,0,0,0,0,0,0,0,0.333333333333333,0,0,0,0,0,0,0,0,0,0,0,0,0,0,0,0,0,0,0,0,0,0,0,0,0,0
"25","PGE","burn","C","PGE07",0,0.781336002001501,1.49507389162562,0.548355424644084,0.142857142857143,0,0,0,0,0,0,0.285714285714286,0,0.142857142857143,0,0,0,0,0,0,0,0.142857142857143,0.142857142857143,0,0,0,0,0,0,0,0.142857142857143,0,4.28571428571429,0.142857142857143,0,0,0,0,0,0,0,0,0,0,0,0,0,0
"26","PGE","burn","C","PGE08",0,0.683669001751314,1.74425287356322,0.479810996563574,0.25,0.75,0,0,0,0,0,0,0,0.25,0,0,0,0,0,0,0,0,0,0,0,0,0,0,0,0,0,0,7.5,0,0,0,0,0,0,0,0,0,0,0,0,0,0,0
"27","PGE","burn","C","PGE09",0,0.911558669001751,1.74425287356322,0.319873997709049,0.5,2.5,0,0,0,0,0,0,0,0.0833333333333333,0,0,0,0,0,0,0,0.0833333333333333,0,0,0,0,0,0,0,0,0,0,0.166666666666667,0,0,0,0.166666666666667,0,0,0,0,0,0,0,0,0,0,0
"28","PGE","burn","C","PGE10",0,1.0938704028021,0.697701149425287,0.767697594501718,0.2,2,0,0,0,0,0,0,0.4,0,0,0,0,0,0,0,0,0,0,0,0,0,0,0,0,0,0,0,0.6,0,0.2,0,0,0,0,0,0,0,0,0,0,0,0,0
"29","PGE","burn","D","PGE01",0.674196787148594,1.8231173380035,0.581417624521073,0,0.333333333333333,1.66666666666667,0.0833333333333333,0,0.166666666666667,0,0.0833333333333333,0.5,0,0,0,0,0,0,0,0,0,0,0,0,0,0,0,0,0,0,0,0,0,0,0,0,0,0,0,0,0,0,0,0,0,0,0,0
"30","PGE","burn","D","PGE02",0.809036144578313,1.64080560420315,0.697701149425287,0,0.1,0.8,0,0,0.2,0,0,0.1,0.1,0,0,0.1,0,0,0,0,0,0,0,0,0,0,0,0,0,0,0,0,0,0,0,0,0,0,0,0,0,0,0,0,0,0,0,0
"31","PGE","burn","D","PGE03",0.674196787148594,0.911558669001751,1.16283524904215,0.319873997709049,0,1.16666666666667,0,0,0.166666666666667,0,0,0,0.0833333333333333,0,0,0.0833333333333333,0,0,0.0833333333333333,0,0,0.0833333333333333,0,0,0,0,0,0,0,0,0,0,0,0,0,0,0,0,0,0,0,0,0,0,0,0,0,0
"32","PGE","burn","D","PGE04",0.809036144578313,1.0938704028021,1.39540229885057,0,0.1,1.6,0,0,0.1,0,0.1,0,0,0,0,0.1,0,0,0,0,0,0.1,0,0,0,0,0,0,0,0,0,0,0,0,0,0,0,0,0,0,0,0,0,0,0,0,0,0
"33","PGE","burn","D","PGE05",0,1.36733800350263,1.74425287356322,0,0,1.25,0.125,0,0,0,0,0,0,0.125,0,0.5,0,0,0,0,0,0,0,0,0,0,0,0,0,0,0,0,0,0,0,0,0,0,0,0,0,0,0,0,0,0,0,0
"34","PGE","burn","D","PGE06",0.674196787148594,0.911558669001751,1.16283524904215,0.319873997709049,0,0.833333333333333,0.0833333333333333,0,1.5,0,0.166666666666667,0,0,0,0,0,0,0,0,0,0,0.166666666666667,0,0,0,0,0,0,0,0,0,0,0.166666666666667,0,0,0,0,0,0,0,0,0,0,0,0,0,0,0
"35","PGE","burn","D","PGE07",0.577882960413081,0.781336002001501,1.49507389162562,0.274177712322042,0.142857142857143,0.142857142857143,0.142857142857143,0,0.142857142857143,0,0,0,0,0.285714285714286,0,0,0,0,0,0,0,0.285714285714286,0,0,0,0,0,0,0,0,0,0,0.142857142857143,0,0,0,0,0,0,0,0,0,0,0,0,0,0,0
"36","PGE","burn","D","PGE08",0,1.02550350262697,1.30818965517241,0.479810996563574,0,0.25,0.125,0,0,0,0.125,0,0.125,0.125,0,0,0,0,0,0,0,0.25,0,0,0,0,0,0,0,0,0,0,0.125,0,0.125,0,0,0,0,0,0,0,0,0,0,0,0,0
"37","PGE","burn","D","PGE09",0.674196787148594,0.911558669001751,1.16283524904215,0.319873997709049,0.0833333333333333,3.33333333333333,0,0,0.666666666666667,0,0,0,0,0,0,0,0,0,0,0,0,0.333333333333333,0,0,0,0,0,0,0,0,0,0,1.33333333333333,0,0,0,0.166666666666667,0,0,0,0,0,0,0,0,0,0,0
"38","PGE","burn","D","PGE10",0.577882960413081,0.390668001000751,0.996715927750411,0.548355424644084,0,2.14285714285714,0.142857142857143,0,0.571428571428571,0,0,0,0,0,0,0,0,0,0,0,0,0.142857142857143,0,0,0,0,0,0,0,0,0,0,0.285714285714286,0,0.142857142857143,0,0,0.142857142857143,0,0,0,0,0,0,0,0,0,0
"39","PGE","control","A","PGE01",0,1.8231173380035,0.581417624521073,0.319873997709049,0.166666666666667,0,0,0,0,0.5,0.0833333333333333,0.0833333333333333,0.0833333333333333,0.0833333333333333,0,0,0,0,0,0,0,0,0,0,0,0,0,0,0,0,0,0,0,0,0,0,0,0,0,0,0,0,0,0,0,0,0,0
"40","PGE","control","A","PGE02",0.674196787148594,0.911558669001751,1.16283524904215,0.319873997709049,0,0.0833333333333333,0,0,0.333333333333333,0,0,0.0833333333333333,0.0833333333333333,0.0833333333333333,0,0,0,1,0,0.0833333333333333,0,0,0,0,0,0,0,0,0,0,0,0,0,0,0,0,0,0,0,0,0,0,0,0,0,0,0,0
"41","PGE","control","A","PGE03",0.577882960413081,1.562672004003,0.996715927750411,0,0.0714285714285714,0.0714285714285714,0,0,0.0714285714285714,0,0,0.0714285714285714,0.142857142857143,0.0714285714285714,0,0.0714285714285714,0,0,0,0,0,0,0,0,0,0,0,0,0,0,0,0,0,0,0,0,0,0,0,0,0,0,0,0,0,0,0,0
"42","PGE","control","A","PGE04",0,1.215411558669,0.77522349936143,0.639747995418099,0.111111111111111,0,0.0555555555555556,0,0,0,0.111111111111111,0,0.0555555555555556,0.111111111111111,0,0.0555555555555556,0,0,0,0,0,0.0555555555555556,0,0.0555555555555556,0.0555555555555556,0.0555555555555556,0,0,0,0,0,0,0,0,0,0,0,0,0,0,0,0,0,0,0,0,0,0
"43","PGE","control","A","PGE05",0,0.911558669001751,1.16283524904215,0.479810996563574,0.166666666666667,0.0416666666666667,0.166666666666667,0,0,0,0.0416666666666667,0,0,0.5,0,0.0833333333333333,0,0,0.0833333333333333,0,0,0.0416666666666667,0.0416666666666667,0,0.0833333333333333,0,0.0416666666666667,0.0416666666666667,0,0,0,0,0,0,0,0,0,0,0,0,0,0,0,0,0,0,0,0
"44","PGE","control","A","PGE06",0.44946452476573,0.607705779334501,1.16283524904215,0.639747995418099,0.111111111111111,0.555555555555556,0.111111111111111,0,0.111111111111111,0,0,0,0,0.111111111111111,0,0,0,0,0,0,0,0.111111111111111,0.111111111111111,0,0.111111111111111,0.111111111111111,0,0,0,0,0,0,0,0.111111111111111,0,0,0,0,0,0,0,0,0,0,0,0,0,0
"45","PGE","control","A","PGE07",0,0.911558669001751,1.16283524904215,0.639747995418099,0.166666666666667,0,0,0,0,0,0,0,0.166666666666667,0.166666666666667,0,0,0,0,0,0,0,0.0833333333333333,0.166666666666667,0,0,0.0833333333333333,0,0,0,0,0,0,0.666666666666667,0,0,0,0,0,0,0,0,0,0,0,0,0,0,0
"46","PGE","control","A","PGE08",0,1.0938704028021,2.09310344827586,0,0.2,0,0,0,0,0,0,0.4,0,0.2,0,0,0,0,0,0,0,0.2,0.2,0,0,0,0,0,0,0,0,0,0,0,0,0,0,0,0,0,0,0,0,0,0,0,0,0
"47","PGE","control","A","PGE09",0.337098393574297,0.911558669001751,1.16283524904215,0.479810996563574,0.0833333333333333,0.166666666666667,0.833333333333333,0.0833333333333333,0.166666666666667,0,0.0833333333333333,0,0.0833333333333333,0.0833333333333333,0,0,0,0,0,0,0,0.0833333333333333,0.0833333333333333,0,0,0,0,0,0,0,0,0,0.0833333333333333,0.0833333333333333,0,0,0,0,0,0,0,0,0,0,0,0,0,0
"48","PGE","control","A","PGE10",0.337098393574297,0.455779334500876,0.581417624521073,0.799684994272623,0.0833333333333333,0,0,0.166666666666667,0.166666666666667,0,0,0,0.0833333333333333,0.0833333333333333,0.0833333333333333,0,0.0833333333333333,0,0,0,0,0.0833333333333333,0,0,0.0833333333333333,0,0.0833333333333333,0,0,0.0833333333333333,0,0.0833333333333333,0,0.166666666666667,0.166666666666667,0,0,0,0,0,0,0,0,0,0,0,0,0
"49","PGE","control","B","PGE01",0.674196787148594,1.13944833625219,0.581417624521073,0.319873997709049,0.0416666666666667,1.04166666666667,0.0833333333333333,0,1.08333333333333,0.708333333333333,0.0416666666666667,0.0416666666666667,0.0833333333333333,0,0.0416666666666667,0,0,0,0,0,0,0,0,0,0,0,0,0,0,0,0,0,0,0,0,0,0,0,0,0,0,0,0,0,0,0,0,0
"50","PGE","control","B","PGE02",0.577882960413081,1.17200400300225,1.49507389162562,0,0,0.142857142857143,0,0,0.428571428571429,0,0,0.0714285714285714,0.0714285714285714,0.0714285714285714,0,0.0714285714285714,0,0,0,0.0714285714285714,0,0,0,0,0,0,0,0,0,0,0,0,0,0,0,0,0,0,0,0,0,0,0,0,0,0,0,0
"51","PGE","control","B","PGE03",0.44946452476573,0.911558669001751,1.93805874840358,0,0.222222222222222,0.111111111111111,0,0,0.555555555555556,0,0,0,0.0555555555555556,0.0555555555555556,0,0.0555555555555556,0,0,0,0.0555555555555556,0,0.0555555555555556,0.0555555555555556,0,0,0,0,0,0,0,0,0,0,0,0,0,0,0,0,0,0,0,0,0,0,0,0,0
"52","PGE","control","B","PGE04",0.809036144578313,1.0938704028021,1.39540229885057,0,2.4,0,0,0,0.6,0,0.1,0,0,0.1,0,0,0,0,0,0,0,0.1,0,0,0,0,0,0,0,0,0,0,0,0,0,0,0,0,0,0,0,0,0,0,0,0,0,0
"53","PGE","control","B","PGE05",0,0.455779334500876,1.74425287356322,0.319873997709049,1.66666666666667,0.166666666666667,0,0,0,0,0,0,0,0.666666666666667,0,0,0,0,0,0,0,0,0.166666666666667,0,0,0,0.0833333333333333,0,0,0.166666666666667,0.0833333333333333,0,0,0,0,0,0,0,0,0,0,0,0,0,0,0,0,0
"54","PGE","control","B","PGE06",0,1.36733800350263,0.436063218390805,0.719716494845361,0.125,0.5,0.125,0,0,0,0,0,0.375,0,0,0.125,0,0,0,0,0,0,0,0,0,0.125,0,0,0,0,0,0.125,0,0,0.25,0,0,0,0,0,0,0,0,0,0,0,0,0
"55","PGE","control","B","PGE07",0,1.17200400300225,1.49507389162562,0.274177712322042,0,0.142857142857143,0.142857142857143,0,0,0,0,0.285714285714286,0.285714285714286,0.142857142857143,0,0.285714285714286,0,0,0,0,0,0.142857142857143,0,0,0,0,0,0,0,0,0,0,0.142857142857143,0,0,0,0,0,0,0,0,0,0,0,0,0,0,0
"56","PGE","control","B","PGE08",0,1.8231173380035,1.16283524904215,0,0.166666666666667,0.333333333333333,0.166666666666667,0,0,0,0,0.166666666666667,0,0.166666666666667,0,0.166666666666667,0,0,0,0,0,0,0,0,0,0,0,0,0,0,0,0,0,0,0,0,0,0,0,0,0,0,0,0,0,0,0,0
"57","PGE","control","B","PGE09",0,1.17200400300225,1.49507389162562,0.274177712322042,0.142857142857143,0.285714285714286,0,0,0,0,0,0,0.714285714285714,0.142857142857143,0,0.142857142857143,0,0,0,0,0,0.142857142857143,0.142857142857143,0,0,0,0,0,0,0,0,0,0.285714285714286,0,0,0,0,0,0,0,0,0,0,0,0,0,0,0
"58","PGE","control","B","PGE10",0.337098393574297,0.683669001751314,0.872126436781609,0.799684994272623,0.0833333333333333,0.0833333333333333,0,0,0.833333333333333,0,0,0,0.0833333333333333,0.0833333333333333,0,0.0833333333333333,0.0833333333333333,0,0,0,0,0.0833333333333333,0,0,0.0833333333333333,0.0833333333333333,0.0833333333333333,0,0,0,0,0,0.0833333333333333,0.166666666666667,0,0,0,0,0,0,0,0,0,0,0,0,0,0
"59","PGE","control","C","PGE01",0.674196787148594,0.911558669001751,0.581417624521073,0.639747995418099,0.0833333333333333,0.333333333333333,0,0,0.0833333333333333,1,0,0,0,0,0,0.0833333333333333,0.0833333333333333,0,0,0,0,0,0,0,0,0,0,0,0,0,0,0,0,0,0,0,0,0,0,0,0,0,0,0,0,0,0,0
"60","PGE","control","C","PGE02",0.735487404162103,1.24303454863875,1.26854754440961,0,0.181818181818182,1,0,0,0.909090909090909,0,0,0.0454545454545455,0.227272727272727,0,0,0.0909090909090909,0,0,0,0.0454545454545455,0,0.0909090909090909,0,0,0,0,0,0,0,0,0,0,0,0,0,0,0,0,0,0,0,0,0,0,0,0,0,0
"61","PGE","control","C","PGE03",0.577882960413081,1.17200400300225,1.49507389162562,0,0.0714285714285714,0.142857142857143,0,0,0.0714285714285714,0,0,0,0.0714285714285714,0.0714285714285714,0,0.0714285714285714,0,0,0,0.0714285714285714,0,0.0714285714285714,0,0,0,0,0,0,0,0,0,0,0,0,0,0,0,0,0,0,0,0,0,0,0,0,0,0
"62","PGE","control","C","PGE04",0.505647590361446,1.02550350262697,1.30818965517241,0.239905498281787,0.5,0,0,0,0.125,0,0.0625,0,0.0625,0.25,0,0,0,0,0,0,0,0.0625,0.0625,0,0,0,0.0625,0,0,0,0,0,0,0,0,0,0,0,0,0,0,0,0,0,0,0,0,0
"63","PGE","control","C","PGE05",0.505647590361446,1.36733800350263,0.872126436781609,0.239905498281787,0.0625,0.1875,0.125,0,0.25,0,0,0.0625,0.0625,0.125,0,0.125,0,0,0,0,0,0.125,0,0,0,0,0,0,0,0,0,0.25,0,0,0,0,0,0,0,0,0,0,0,0,0,0,0,0
"64","PGE","control","C","PGE06",0,0.683669001751314,1.74425287356322,0.479810996563574,0.25,0.5,0,0,0,0,0.125,0,0,0.125,0,0,0,0,0,0,0,0.25,0.125,0,0,0.125,0,0,0,0,0,0,0.25,0,0,0,0,0,0,0,0,0,0,0,0,0,0,0
"65","PGE","control","C","PGE07",0,1.36733800350263,1.30818965517241,0.239905498281787,0,0,0.125,0,0,0,0,0.125,0.25,0.0625,0,0.0625,0,0,0,0,0,0.375,0.0625,0,0,0,0,0,0,0,0,0,0.125,0,0,0,0,0,0,0,0,0,0,0,0,0,0,0
"66","PGE","control","C","PGE08",0,0.683669001751314,0.872126436781609,0.959621993127148,0,0,0,0,0,0,0,0.5,0,0.25,0,0,0,0,0,0,0,0,0,0,0,0,0,0,0,0,0,0,0.5,0,0,0.25,0,0,0,0,0,0,0,0,0,0,0,0
"67","PGE","control","C","PGE09",0.44946452476573,0.607705779334501,0.77522349936143,0.852997327224131,0.444444444444444,0,0.111111111111111,0,0.666666666666667,0,0,0,0,0,0,0,0,0,0,0,0,0.111111111111111,0.111111111111111,0,0,0.222222222222222,0.111111111111111,0,0,0,0,0,0.111111111111111,0.333333333333333,0,0,0,0,0,0,0,0,0,0,0,0,0,0
"68","PGE","control","C","PGE10",0.367743702081052,0.745820729183251,0.95141065830721,0.697906904092471,0.0909090909090909,0.0909090909090909,0,0,0.545454545454545,0.0909090909090909,0,0,0.0909090909090909,0.0909090909090909,0,0.0909090909090909,0,0,0,0,0,0.0909090909090909,0.0909090909090909,0,0,0,0.0909090909090909,0,0,0,0,0.0909090909090909,0,0.454545454545455,0,0,0,0,0,0,0,0,0,0,0,0,0,0
"69","PGE","control","D","PGE01",0.44946452476573,1.215411558669,0.387611749680715,0.639747995418099,0.222222222222222,0.222222222222222,0,0,1.88888888888889,0.0555555555555556,0.0555555555555556,0,0.0555555555555556,0,0,0.0555555555555556,0.0555555555555556,0.0555555555555556,0,0,0,0,0,0,0,0,0,0,0,0,0,0,0,0,0,0,0,0,0,0,0,0,0,0,0,0,0,0
"70","PGE","control","D","PGE02",0.674196787148594,1.36733800350263,1.16283524904215,0,0.0833333333333333,0.0833333333333333,0,0,0.5,0,0,0.0833333333333333,0,0.0833333333333333,0,0.0833333333333333,0,0,0,0.0833333333333333,0,0,0,0,0,0,0,0,0,0,0,0,0,0,0,0,0,0,0,0,0,0,0,0,0,0,0,0
"71","PGE","control","D","PGE03",0,1.36733800350263,1.74425287356322,0,0.333333333333333,0.166666666666667,0,0,0,0,0,0.166666666666667,0.166666666666667,0.0833333333333333,0,0.0833333333333333,0,0,0,0,0,0.0833333333333333,0,0,0,0,0,0,0,0,0,0,0,0,0,0,0,0,0,0,0,0,0,0,0,0,0,0
"72","PGE","control","D","PGE04",0.809036144578313,1.64080560420315,0.697701149425287,0,2.4,0,0,0,1.4,0,0.2,0,0.1,0.1,0,0,0,0,0,0,0,0,0,0,0,0,0,0,0,0,0,0,0,0,0,0,0,0,0,0,0,0,0,0,0,0,0,0
"73","PGE","control","D","PGE05",0,1.36733800350263,1.16283524904215,0,2.33333333333333,0,0,0,0,0,0.0833333333333333,0,0,0.0833333333333333,0,0.166666666666667,0,0,0,0,0,0.333333333333333,0,0,0,0,0,0,0,0.0833333333333333,0,0,0,0,0,0,0,0,0,0,0,0,0,0,0,0,0,0
"74","PGE","control","D","PGE06",0,0.841438771386232,1.07338638373121,0.73817076394396,0.0769230769230769,0.384615384615385,0.153846153846154,0,0,0,0.0769230769230769,0,0.0769230769230769,0.0769230769230769,0,0.0769230769230769,0,0,0.0769230769230769,0,0,0.0769230769230769,0.0769230769230769,0,0,0.0769230769230769,0,0,0,0,0,0,0.0769230769230769,0.0769230769230769,0.0769230769230769,0,0,0,0,0,0,0,0,0,0,0,0,0
"75","PGE","control","D","PGE07",0,1.36733800350263,1.16283524904215,0.319873997709049,0,0.166666666666667,0.333333333333333,0,0,0,0,0,0.0833333333333333,0,0,0.5,0,0,0,0,0,0.0833333333333333,0.166666666666667,0,0,0,0,0,0,0,0,0,0.333333333333333,0,0,0,0,0,0,0,0,0,0,0,0,0,0,0
"76","PGE","control","D","PGE08",0,1.17200400300225,0.996715927750411,0.548355424644084,0.142857142857143,0.142857142857143,0.142857142857143,0,0,0,0,0.142857142857143,0,0.142857142857143,0,0,0,0,0,0,0,0,0.142857142857143,0,0,0.142857142857143,0,0,0,0,0,0,0.571428571428571,0,0,0,0,0,0,0,0,0,0,0,0,0,0,0
"77","PGE","control","D","PGE09",0,1.02550350262697,1.30818965517241,0.479810996563574,0,0,0,0,0,0,0,0.125,0.125,0.125,0,0.125,0,0,0,0,0,0.125,0.25,0,0,0,0,0,0,0,0,0,1,0.125,0,0,0,0,0,0,0,0,0,0,0,0,0,0
"78","PGE","control","D","PGE10",0.337098393574297,0.683669001751314,1.16283524904215,0.639747995418099,0.0833333333333333,0.25,0,0,0.583333333333333,0,0,0,0.0833333333333333,0.0833333333333333,0,0.0833333333333333,0,0,0,0,0.0833333333333333,0.0833333333333333,0.0833333333333333,0,0,0,0.0833333333333333,0,0,0,0,0.0833333333333333,0,0.166666666666667,0,0,0,0,0,0,0,0,0,0,0,0,0,0
"79","PGW","burn","A","PGW01",1.34839357429719,0,1.16283524904215,0.639747995418099,0,0,0,6.66666666666667,1.66666666666667,0,0,0,0,0,0,0,0,0,0,0,0,1.66666666666667,0,0,0,0,0,0,0,0,0,0,0,0,0,0,0,0,0,0,0,0,0,0,0,0,0,0
"80","PGW","burn","A","PGW02",1.01129518072289,0.683669001751314,1.74425287356322,0,0,0.25,1,0,1,0,0,0,0,0,0,0,0,0,0,0,0,1.5,0,0,0,0,0,0,0,0,0,0,0,0,0,0,0,0,0,0,0,0,0,0,0,0,0,0
"81","PGW","burn","A","PGW03",0.809036144578313,1.0938704028021,1.39540229885057,0,0,0.2,0.8,0,0.8,0,0.6,0,0,0,0,0,0,0,0,0,0,8,0,0,0,0,0,0,0,0,0,0,0,0,0,0,0,0,0,0,0,0,0,0,0,0,0,0
"82","PGW","burn","A","PGW04",1.34839357429719,0,1.16283524904215,0.639747995418099,0,0,0,0,1,0,0,0,0,0,0,0,0,0,0,0,0.333333333333333,5,0,0,0,0,0,0,0,0,0,0,0,0,0,0,0,0,0,0,0,0,0,0,0,0,0,0
"83","PGW","burn","A","PGW05",1.34839357429719,0.911558669001751,1.16283524904215,0,2.66666666666667,0,0,0,0.333333333333333,0,0,0,0,0,0,0,0,0,0,0,0,13.3333333333333,0,0,0,0,0,0,0,0,0,0,0,0,0,0,0,0,0,0,0,0,0,0,0,0,0,0
"84","PGW","burn","A","PGW06",0.809036144578313,0.546935201401051,1.39540229885057,0.383848797250859,0.8,0.2,0,0,0.8,0,0,0,0,0,0,0,0,0,0,0,0.2,7,0,0,0,0,0,0,0,0,0,0,0,0,0,0,0,0,0,0,0,0,0,0,0,0,0,0
"85","PGW","burn","A","PGW07",0,0.911558669001751,1.16283524904215,0.639747995418099,0.333333333333333,1.66666666666667,0.333333333333333,0,0,0,0,0,0,0,0,0,0,0,0,0,0,3.33333333333333,0,0,0,0,0,0,0,0,0,0,0.333333333333333,0,0,0,0,0,0,0,0,0,0,0.333333333333333,0,0,0,0
"86","PGW","burn","A","PGW08",0.674196787148594,0.911558669001751,1.16283524904215,0.319873997709049,0.166666666666667,1.66666666666667,0.333333333333333,0,0.833333333333333,0,0,0,0,0.166666666666667,0,0,0,0,0,0,0,0.166666666666667,0,0,0,0,0,0,0,0,0,0,0.166666666666667,0,0,0,0,0,0,0,0,0,0,0.166666666666667,0,0,0,0
"87","PGW","burn","A","PGW09",0.577882960413081,0.781336002001501,1.49507389162562,0.274177712322042,0.428571428571429,0.857142857142857,0.142857142857143,0,0.571428571428571,0,0,0,0,0.142857142857143,0,0,0,0,0,0,0,0.142857142857143,0,0,0,0,0,0,0,0,0,0,0.142857142857143,0,0,0,0,0,0,0,0,0,0,0,0,0,0,0
"88","PGW","burn","A","PGW10",0,1.0938704028021,0.697701149425287,0.767697594501718,0.2,0,0.4,0.4,0,0,0,0,0,0,0,0,0,0,0,0,0,5,0,0,0,0,0,0,0,0,0,0,0.2,0,0,0,0,0,0,0,0,0.2,0,0,0,0,0,0
"89","PGW","burn","B","PGW01",1.01129518072289,0,1.74425287356322,0.479810996563574,0,1.75,0,3.75,2,0,0,0,0,0,0,0,0,0,0,0,0,1.75,0,0,0,0,0,0,0,0,0,0,0,0,0,0,0,0,0,0,0,0,0,0,0,0,0,0
"90","PGW","burn","B","PGW02",0.809036144578313,1.0938704028021,1.39540229885057,0,0,0.2,1,0,0.8,0,0,0,0,0,0,0,0,0,0,0,0,0.2,0,0,0,0,0,0,0.2,0,0,0,0,0,0,0,0,0,0,0,0,0,0,0,0,0,0,0
"91","PGW","burn","B","PGW03",0.809036144578313,1.0938704028021,1.39540229885057,0,0,0.2,6,0,0.8,0,0.4,0,0,0,0,0,0,0,0,0,0,1.2,0,0,0,0,0,0,0,0,0,0,0,0,0,0,0,0,0,0,0,0,0,0,0,0,0,0
"92","PGW","burn","B","PGW04",1.01129518072289,0.683669001751314,0.872126436781609,0,0.25,0,0,0,0.5,0,0,0,0,0,0,0,0,0,0,0,0,2,0,0,0,0,0,0,0,0,0,0,0,0,0,0,0,0,0,0,0,0,0.25,0,0,0,0,0
"93","PGW","burn","B","PGW05",1.01129518072289,0.683669001751314,0.872126436781609,0.479810996563574,0.25,0,0,0,0.75,0,0,0,0,0,0,0,0,0,0,0,0,10,0,0,0,0,0,0,0,0,0,0,0,0,0,0,0,0,0,0,0,0,0,2.25,0,0,0,0
"94","PGW","burn","B","PGW06",1.34839357429719,0.911558669001751,1.16283524904215,0,5,0,0,0,0.666666666666667,0,0,0,0,0,0,0,0,0,0,0,0,10,0,0,0,0,0,0,0,0,0,0,0,0,0,0,0,0,0,0,0,0,0,0,0,0,0,0
"95","PGW","burn","B","PGW07",0.809036144578313,0.546935201401051,0.697701149425287,0.767697594501718,0.4,0,0,0,1,0,0,0,0,0,0,0,0,0,0,0,1.6,6,0,0,0,0,0,0,0,0,0,0,0,0,0,0,0,0,0,0,0,0,0,3.6,0,0,0,0
"96","PGW","burn","B","PGW08",0.809036144578313,1.0938704028021,0.697701149425287,0.383848797250859,0.2,2.4,0.2,0,0.6,0,0,0,0,0,0,0,0,0,0,0,0,0,0,0,0,0,0,0,0,0,0,0,0,0,0,0,0,0,0,0,0,0,0,1.6,0,0,0,0
"97","PGW","burn","B","PGW09",0.674196787148594,0.911558669001751,1.16283524904215,0.319873997709049,0.166666666666667,5,0.166666666666667,0,0.333333333333333,0,0,0,0,0.166666666666667,0,0,0,0,0,0,0,0,0,0,0,0,0,0,0,0,0,0,0,0,0,0,0,0,0,0,0,0.166666666666667,0,0,0,0,0,0
"98","PGW","burn","B","PGW10",0.44946452476573,0.607705779334501,1.16283524904215,0.639747995418099,0.222222222222222,0.888888888888889,0.111111111111111,0.111111111111111,0.111111111111111,0,0,0,0,0.111111111111111,0,0,0,0,0,0,0,0.111111111111111,0,0,0,0,0,0,0,0,0,0,0.111111111111111,0,0,0,0,0,0,0,0,0.111111111111111,0,0,0,0,0,0
"99","PGW","burn","C","PGW01",1.01129518072289,0,0.872126436781609,0.959621993127148,0,0,0,0.5,3,0,0,0,0,0,0,0,0,0,0,0,0.75,2.5,0,0,0,0,0,0,0,0,0,0,0,0,0,0,0,0,0,0,0,0,0,0,0,0,0,0
"100","PGW","burn","C","PGW02",0,0.911558669001751,1.16283524904215,0.639747995418099,0,10,1.33333333333333,0,0,0,0,0,0,0,0,0,0,0.333333333333333,0,0,0,0,0,0,0,0,0,0,0,0,0,0,0,0,0,0,0,0,0,0,0,0,0,0,0,0,0,0
"101","PGW","burn","C","PGW03",0,0.683669001751314,2.61637931034483,0,2.5,1,1.5,0,0,0,0,0,0,0.25,0,0,0,0,0,0,0,1.25,0,0,0,0,0,0,0,0,0,0,0,0,0,0,0,0,0,0,0,0,0,0,0,0,0,0
"102","PGW","burn","C","PGW04",2.02259036144578,0,1.74425287356322,0,0,0,0,0,1.5,0,0,0,0,0,0,0,0,0,0,0,0,20,0,0,0,0,0,0,0,0,0,0,0,0,0,0,0,0,0,0,0,0,0,0,0,0,0,0
"103","PGW","burn","C","PGW05",1.34839357429719,0.911558669001751,1.16283524904215,0,0.666666666666667,0,0,0,1,0,0,0,0,0,0,0,0,0,0,0,0,8.33333333333333,0,0,0,0,0,0,0,0,0,0,0,0,0,0,0,0,0,0,0,0,0,0,0,0,0,0
"104","PGW","burn","C","PGW06",0.809036144578313,0.546935201401051,0.697701149425287,0.383848797250859,0.4,0,0,0,1.2,0,0,0,0,0,0,0,0,0,0,0,0,1.6,0,0,0,0,0,0,0,0,0,0,0,0,0,0,0,0,0,0,0,0,0,0.2,1.6,0,0,0
"105","PGW","burn","C","PGW07",0.577882960413081,0.781336002001501,0.996715927750411,0.548355424644084,0.142857142857143,0.285714285714286,0.428571428571429,0,0.142857142857143,0,0,0,0,0,0,0,0,0,0,0,0,0.285714285714286,0,0,0,0,0,0,0,0,0,0,0.142857142857143,0,0,0,0,0,0,0,0,0,0,0,0,0.142857142857143,0,0
"106","PGW","burn","C","PGW08",0.809036144578313,0,1.39540229885057,0.767697594501718,0,8,0,0,1.2,0,0,0,0,0,0,0,0,0,0,0,0.2,0.2,0,0,0,0,0,0,0,0,0,0,0,0,0,0,0,0,0,0,0,0,0,0.2,0,0,0,0
"107","PGW","burn","C","PGW09",0.404518072289157,0.820402802101576,1.04655172413793,0.575773195876289,0.1,0.1,0.1,0,0.4,0,0,0,0,0.1,0,0,0,0,0.1,0,0,1.5,0,0,0,0,0,0,0.1,0,0,0,0.1,0,0,0,0,0,0,0,0,0.1,0,0,0,0,0,0
"108","PGW","burn","C","PGW10",0.674196787148594,0.455779334500876,1.16283524904215,0.639747995418099,0,0,0.333333333333333,0.166666666666667,0.166666666666667,0,0,0,0,0.166666666666667,0,0,0,0,0,0,0,1.66666666666667,0,0,0,0,0,0,0,0,0,0,0.166666666666667,0,0,0,0,0,0,0,0,0,0,0,0,0,0,0
"109","PGW","burn","D","PGW01",1.01129518072289,0,1.74425287356322,0.479810996563574,0,0.25,0,0.5,2,0,0,0,0,0,0,0,0,0,0,0,0,3,0,0,0,0,0,0,0,0,0,0,0,0,0,0,0,0,0,0,0,0,0,0,0,0,0,0
"110","PGW","burn","D","PGW02",0,0.911558669001751,2.32567049808429,0,0,1.33333333333333,0,0,0,0,1.66666666666667,0,0,0,0,0,0,0,0,0,0,2.66666666666667,0,0,0,0,0,0,0,0,0,0,0,0,0,0,0,0,0,0,0,0,0,0,0,0,0,0
"111","PGW","burn","D","PGW03",0,1.36733800350263,1.74425287356322,0,0.25,0.25,10,0,0,0,0,0,0,0,0,0,0,0,0,0,0,1,0,0,0,0,0,0,0,0,0,0,0,0,0,0,0,0,0,0,0,0,0,0,0,0,0,0
"112","PGW","burn","D","PGW04",2.02259036144578,0,1.74425287356322,0,0,0,0,0,0.5,0,0,0,0,0,0,0,0,0,0,0,0,5,0,0,0,0,0,0,0,0,0,0,0,0,0,0,0,0,0,0,0,0,0,0,0,0,0,0
"113","PGW","burn","D","PGW05",0,1.36733800350263,1.74425287356322,0,1.5,0,0,0,0,0,0,0,0,0,0,0,0,0,0,0,0,10,0,0,0,0,0,0,0,0,0,0,0,0,0,0,0,0,0,0,0,0,0,0,0,0,0,0
"114","PGW","burn","D","PGW06",0.809036144578313,1.64080560420315,0.697701149425287,0,0.4,0,0.2,0,0.4,0,0.2,0,0,0,0,0,0,0,0,0,0,8,0,0,0,0,0,0,0,0,0,0,0,0,0,0,0,0,0,0,0,0,0,0,0,0,0,0
"115","PGW","burn","D","PGW07",0.809036144578313,1.0938704028021,0.697701149425287,0.383848797250859,0.8,0,0,0,0.4,0,0.2,0,0,0,0,0,0,0,0,0,0,3,0,0,0,0,0,0,0,0,0,0,0,0,0,0,0,0,0,0,0,0,0,0.2,0,0,0,0
"116","PGW","burn","D","PGW08",1.01129518072289,0,1.74425287356322,0.479810996563574,0,5,0,0,1.25,0,0,0,0,0,0,0,0,0,0,0,0,0.25,0,0,0,0,0,0,0,0,0,0,0.25,0,0,0,0,0,0,0,0,0,0,0,0,0,0,0
"117","PGW","burn","D","PGW09",0,0.781336002001501,1.49507389162562,0.548355424644084,0.285714285714286,0.142857142857143,0,0,0,0,0,4.28571428571429,0,0.571428571428571,0,0,0,0,0,0,0,0.142857142857143,0,0,0,0,0,0,0,0,0,0,0,0,0,0,0,0,0,0,0,0.142857142857143,0,0.285714285714286,0,0,0,0
"118","PGW","burn","D","PGW10",0.577882960413081,0.781336002001501,0.996715927750411,0.548355424644084,0.142857142857143,1.42857142857143,0.142857142857143,0.142857142857143,1,0,0,0,0,0,0,0,0,0,0,0,0,1.14285714285714,0,0,0,0,0,0,0,0,0,0,0.142857142857143,0,0,0,0,0,0,0,0,0,0,0,0,0,0,0
"119","PGW","control","A","PGW01",0,1.36733800350263,1.74425287356322,0,3.33333333333333,0,0.166666666666667,0,0,0,0.166666666666667,0,0,0.166666666666667,0,0,0,0,0,0,0,0.166666666666667,0.166666666666667,0,0,0,0,0,0,0,0,0,0,0,0,0,0,0,0.166666666666667,0,0,0,0,0,0,0,0,0
"120","PGW","control","A","PGW02",0.505647590361446,1.02550350262697,1.30818965517241,0.239905498281787,0.125,0,6.25,0,0.25,0,0,0,0,0.625,0,0.125,0,0,0,0,0,0.25,0.125,0,0,0,0.125,0,0,0,0,0,0,0,0,0,0,0,0,0,0,0,0,0,0,0,0,0
"121","PGW","control","A","PGW03",0.404518072289157,0.820402802101576,0.697701149425287,0.767697594501718,0.1,0,3.5,0,0.2,0,0,0,0.1,0,0,0.1,0,0,0,0,0,0.1,0,0,0,0,0,0,0,0,0,0,0.1,0,0.1,0,0,0,0.1,0,0.1,0.1,0,0,0,0,0,0
"122","PGW","control","A","PGW04",0.367743702081052,0.745820729183251,1.26854754440961,0.523430178069353,0.0909090909090909,0.272727272727273,0,0,0.272727272727273,0.0909090909090909,0,0,0.0909090909090909,0.0909090909090909,0,0.0909090909090909,0,0,0,0,0,0.181818181818182,0.0909090909090909,0,0,0,0,0,0,0,0,0,0,0,0,0,0,0,0,0,0.0909090909090909,0.0909090909090909,0,0,0,0,0,0
"123","PGW","control","A","PGW05",0,0.911558669001751,1.55044699872286,0.426498663612066,0.111111111111111,1.11111111111111,0,0.222222222222222,0,0,0,0,0.111111111111111,0.222222222222222,0,0.222222222222222,0,0,0,0,0.333333333333333,0.666666666666667,0.111111111111111,0,0,0,0,0,0,0,0,0,0,0,0,0,0,0,0,0,0,0,0,0,0,0,0,0
"124","PGW","control","A","PGW06",0.809036144578313,1.0938704028021,1.39540229885057,0,7,0,0,0,0.8,0,0,0.4,0,0,0,0,0,0,0,0,0,0.2,0.2,0,0,0,0,0,0,0,0,0,0,0,0,0,0,0,0,0,0,0,0,0,0,0,0,0
"125","PGW","control","A","PGW07",0,1.02550350262697,0.872126436781609,0.719716494845361,0.125,0,0.125,0.125,0,0,0,0,0,0.125,0,0.125,0,0,0,0,0,0.5,0,0,0,0,0,0,0,0,0,0,0.125,0.125,0,0,0,0,0,0,0,0,0,0,0,0.125,0,0
"126","PGW","control","A","PGW08",0,1.0938704028021,0.697701149425287,0.767697594501718,0.2,0,0,0,0,0,0,0,0.2,0.2,0,0,0,0,0,0,0,0,0,0,0,0,0,0,0,0,0,0,0,0.2,0,0,0,0,0,0,0,0,0,0,0,0,0.2,0
"127","PGW","control","A","PGW09",0,0.683669001751314,1.30818965517241,0.719716494845361,0.75,0,0.125,0,0,0,0,0,0,0.125,0,0,0,0,0,0,0,0.125,0.125,0,0,0,0.125,0,0,0,0,0,0,0.125,0,0,0,0,0,0,0,0,0,2.5,0,0,0,0
"128","PGW","control","A","PGW10",0.404518072289157,0.546935201401051,1.04655172413793,0.767697594501718,0,0,1,0.1,0.1,0,0,0.1,0,0.3,0,0,0,0,0,0,0,0.1,0.1,0,0,0.1,0,0,0,0,0,0,0.1,0,0,0,0,0,0,0,0,0.1,0,0.2,0,0,0,0.1
"129","PGW","control","B","PGW01",0.367743702081052,0.745820729183251,1.26854754440961,0.523430178069353,0.0909090909090909,0,0.0909090909090909,0.181818181818182,0.454545454545455,0,0,0,0.0909090909090909,0.181818181818182,0,0,0.0909090909090909,0,0.0909090909090909,0,0,0.0909090909090909,0.0909090909090909,0,0,0,0,0,0,0,0,0,0,0,0,0,0,0,0.0909090909090909,0,0,0,0,0,0,0,0,0
"130","PGW","control","B","PGW02",0,1.36733800350263,0.872126436781609,0.479810996563574,0.125,0,0.25,0,0,0,0,0,0.125,0.25,0,0.125,0,0,0,0,0,0.25,0.125,0,0,0,0.125,0,0,0,0,0,0,0,0,0,0,0,0.25,0.125,0,0,0,0,0,0,0,0
"131","PGW","control","B","PGW03",0.505647590361446,1.02550350262697,1.30818965517241,0.239905498281787,0.125,0,0.625,0,0.25,0,0,0,0,0.125,0,0.125,0,0,0,0,0,0.125,0,0,0,0,0,0,0,0,0,0,0,0,0,0,0,0,0.25,0,0.125,0,0,0,0,0,0,0
"132","PGW","control","B","PGW04",0.505647590361446,0.341834500875657,0.872126436781609,0.959621993127148,0,0,0,0.375,1.25,0,0,0,0.375,0.125,0,0,0,0,0,0,0.125,0.25,0,0,0,0,0,0,0,0,0,0,0,0,0.125,0,0,0,0,0,0,0.125,0,0,0,0,0,0
"133","PGW","control","B","PGW05",1.01129518072289,0,1.74425287356322,0.479810996563574,0,7.5,0,0,1,0,0,0,0,0,0,0,0,0,0,0,0,0.25,0,0,0,0,0,0,0,0,0,0,0,0,0,0,0,0,0,0,0,0.25,0,0,0,0,0,0
"134","PGW","control","B","PGW06",0.505647590361446,0.683669001751314,1.30818965517241,0.479810996563574,0.125,2.5,0.25,0,0.375,0,0,0,0,0.25,0,0,0,0,0,0,0.25,0.25,0,0,0,0,0,0,0,0,0,0,0.125,0,0,0,0,0,0,0,0,0,0,0,0,0,0,0
"135","PGW","control","B","PGW07",0,0.390668001000751,1.49507389162562,0.822533136966127,0.714285714285714,0,0,0,0,0,0,0,0,0.285714285714286,0,0,0,0,0,0,0.142857142857143,0.285714285714286,0.142857142857143,0,0,0,0.285714285714286,0,0,0,0,0,0,0,0,0,0,0,0,0,0,0.142857142857143,0,0,0,0,0,0
"136","PGW","control","B","PGW08",0.674196787148594,0.455779334500876,1.74425287356322,0.319873997709049,0,0,0,0,0.666666666666667,0.5,0,0,0,0.5,0,2.5,0,0,0,0,0,0.166666666666667,0,0,0,0,0,0,0,0,0,0,0,0,0,0,0,0,0.166666666666667,0,0,0,0,0,0,0,0,0
"137","PGW","control","B","PGW09",0,1.36733800350263,1.04655172413793,0.383848797250859,1,0,0.1,0,0,0,0.1,0,0.1,0.2,0,0.1,0,0,0,0,0,0.1,0,0,0,0,0.1,0,0,0,0.1,0,0,0.1,0,0,0,0,0,0,0,0,0,0,0,0,0,0
"138","PGW","control","B","PGW10",0.44946452476573,0.607705779334501,1.16283524904215,0.639747995418099,0.555555555555556,0,0.222222222222222,0.111111111111111,0.111111111111111,0,0,0,0,0.333333333333333,0,0,0,0,0,0,0,0.111111111111111,0.111111111111111,0,0,0,0,0,0,0,0,0,0,0.111111111111111,0,0,0,0,0,0,0,0.111111111111111,0,0,0,0,0,0
"139","PGW","control","C","PGW01",0,0.820402802101576,1.39540229885057,0.575773195876289,0.1,0,0.1,0,0,0,0,0,0,0.1,0,0.1,0.1,0.1,0.1,0,0,0.1,0.1,0,0,0,0,0,0,0,0,0,0,0,0,0,0,0,0.1,0,0,0,0,0,0,0,0,0
"140","PGW","control","C","PGW02",0.674196787148594,1.36733800350263,1.16283524904215,0,0.166666666666667,0.166666666666667,8.33333333333333,0,0.5,0,0,0,0,0.166666666666667,0,0.166666666666667,0,0,0,0,0,0.166666666666667,0,0,0,0,0,0,0,0,0,0,0,0,0,0,0,0,0,0,0,0,0,0,0,0,0,0
"141","PGW","control","C","PGW03",0.44946452476573,1.215411558669,1.16283524904215,0.213249331806033,0.111111111111111,0,0.111111111111111,0,0.555555555555556,0,0,0,0.111111111111111,0.111111111111111,0,0.111111111111111,0,0,0,0,0,0.222222222222222,0,0,0,0,0,0,0,0,0,0,0,0,0,0,0,0,0.111111111111111,0,0.111111111111111,0,0,0,0,0,0,0
"142","PGW","control","C","PGW04",0.505647590361446,1.02550350262697,1.30818965517241,0.239905498281787,0.125,0.875,0,0,0.25,0,0,0,0.125,0,0,0.125,0,0,0,0,0,0.125,0,0,0,0,0,0,0,0,0.125,0,0,0,0,0,0,0,0,0,0,0.125,0,0,0,0,0,0
"143","PGW","control","C","PGW05",0.809036144578313,1.0938704028021,0.697701149425287,0.383848797250859,0.2,5,0,0,1,0,0,0,0,0,0,0.2,0,0,0,0,0.2,0,0,0,0,0,0,0,0,0,0,0,0,0,0,0,0,0,0,0,0,0,0,0,0,0,0,0
"144","PGW","control","C","PGW06",0.404518072289157,1.0938704028021,1.04655172413793,0.383848797250859,1,0.1,0.1,0,0.2,0,0,0,0.1,0.2,0,0.1,0,0,0,0,0,0,0.1,0,0,0,0.1,0,0,0,0,0.1,0,0,0,0,0,0,0,0,0,0,0,0,0,0,0,0
"145","PGW","control","C","PGW07",0,0.455779334500876,1.74425287356322,0.639747995418099,5.83333333333333,0,0,0,0,0,0,0,0,0.333333333333333,0,0,0,0,0,0.166666666666667,0,0.166666666666667,0.333333333333333,0,0,0,0.166666666666667,0,0,0,0,0,0,0.166666666666667,0,0,0,0,0,0,0,0,0,0,0,0.166666666666667,0,0
"146","PGW","control","C","PGW08",0.577882960413081,0.390668001000751,0.498357963875205,1.09671084928817,0.142857142857143,0,0,0,0.428571428571429,0.142857142857143,0,0,0,0.142857142857143,0,0,0,0,0,0,0,0,0,0,0,0,0,0,0,0,0,0,0.142857142857143,0.142857142857143,0,0,0,0,0,0,0,0,0,0.714285714285714,0,0,0,0
"147","PGW","control","C","PGW09",0.809036144578313,1.0938704028021,0.697701149425287,0.383848797250859,0.2,0,2.4,0,0.2,0,0,0,0,0.2,0,0,0,0,0,0,0,0,0,0,0,0,0,0,0,0,0,0,0,0,0,0,0,0,0,0,0,0,0,0.4,0,0,0,0
"148","PGW","control","C","PGW10",0,0.781336002001501,1.49507389162562,0.548355424644084,0.428571428571429,0,0.285714285714286,0,0,0,0,0,0,0.142857142857143,0,0,0,0,0,0,0,0.428571428571429,0,0,0,0,0,0,0,0,0,0,0.142857142857143,0,0,0,0,0,0.142857142857143,0,0,0.142857142857143,0,0,0,0,0,0
"149","PGW","control","D","PGW01",0.404518072289157,1.0938704028021,1.04655172413793,0.383848797250859,0.1,0,0.2,0,0.4,0,0,0,0.1,0,0,0.1,0.1,0,0,0,0,0.1,0.1,0,0,0.1,0,0,0,0,0,0.1,0,0,0,0,0,0,0.1,0,0,0,0,0,0,0,0,0
"150","PGW","control","D","PGW02",0.674196787148594,0.911558669001751,1.16283524904215,0.319873997709049,0.166666666666667,0,0.5,0.166666666666667,0.666666666666667,0,0,0,0,0,0,0,0,0,0,0,0,0.333333333333333,0,0,0,0,0,0,0,0,0,0,0,0,0,0,0,0,0.333333333333333,0,0,0,0,0,0,0,0,0
"151","PGW","control","D","PGW03",0.505647590361446,0.683669001751314,1.30818965517241,0.479810996563574,0.125,0.125,0.25,0,0.75,0,0,0,0,0.25,0,0.125,0.125,0,0,0,0,0.125,0.125,0,0,0,0.125,0,0,0,0,0,0,0,0,0,0,0,0,0,0,0,0,0,0,0,0,0
"152","PGW","control","D","PGW04",0.577882960413081,0.781336002001501,0.996715927750411,0.548355424644084,0,0,0.571428571428571,0,1.14285714285714,0,0,0,0.142857142857143,0,0,0.142857142857143,0,0,0,0,0,0.285714285714286,0,0,0,0,0,0,0,0,0,0,0,0,0.142857142857143,0,0,0,0.142857142857143,0,0.142857142857143,0,0,0,0,0,0,0
"153","PGW","control","D","PGW05",1.34839357429719,0,2.32567049808429,0,0,13.3333333333333,0,0,1.66666666666667,0,0,0,0,0,0,0,0,0,0,0,0,0.333333333333333,0,0,0,0,0,0,0,0,0,0,0,0,0,0,0,0,0,0,0,0,0,0,0,0,0,0
"154","PGW","control","D","PGW06",0,0.390668001000751,1.99343185550082,0.548355424644084,0.571428571428571,3.57142857142857,0,0,0,0,0,0,0,0.142857142857143,0,0,0,0,0,0.142857142857143,0.285714285714286,0,0.142857142857143,0,0,0.142857142857143,0,0,0,0,0,0,0,0,0,0,0,0,0,0,0,0,0,0,0,0,0,0
"155","PGW","control","D","PGW07",0,0.455779334500876,1.74425287356322,0.639747995418099,7.5,0,0,0,0,0,0,0,0,0.333333333333333,0,0,0,0,0,0,0,0.166666666666667,0.166666666666667,0,0,0,0.166666666666667,0,0,0,0,0,0,0,0,0,0,0,0,0,0,0,0,0,0,0.166666666666667,0,0
"156","PGW","control","D","PGW08",0.44946452476573,0.607705779334501,0.77522349936143,0.852997327224131,0,0,0.111111111111111,0.111111111111111,0.666666666666667,0,0,0,0,0.111111111111111,0,0.111111111111111,0,0.111111111111111,0,0,0,1.11111111111111,0,0,0,0,0,0,0,0,0,0,0.111111111111111,0,0.111111111111111,0,0,0,0,0,0,0,0,0,0,0,0,0
"157","PGW","control","D","PGW09",0,1.17200400300225,0.996715927750411,0.548355424644084,0.142857142857143,0,2.14285714285714,0,0,0,0,0,0.142857142857143,0.285714285714286,0,0,0,0,0,0,0,0,0.142857142857143,0,0,0,0,0,0,0,0,0,0,0.142857142857143,0,0,0,0,0,0,0,0,0,2.85714285714286,0,0,0,0
"158","PGW","control","D","PGW10",0,1.0938704028021,1.39540229885057,0.383848797250859,0.8,0,5,0,0,0,0,0,0,0.2,0,0,0,0,0,0,0.2,0.2,0,0,0,0,0,0,0,0,0,0,0,0,0,0,0,0,0,0,0,0,0,0,0,0,0,0
"159","RC","burn","A","RC01",0.44946452476573,1.51926444833625,0.77522349936143,0.213249331806033,0.0555555555555556,0.555555555555556,0.0555555555555556,0,0.555555555555556,0,0.0555555555555556,0.0555555555555556,0.0555555555555556,0,0,0.0555555555555556,0,0,0,0,0,0.0555555555555556,0,0,0.0555555555555556,0,0,0,0,0,0,0,0,0,0,0,0,0,0,0,0,0,0,0,0,0,0,0
"160","RC","burn","A","RC02",1.34839357429719,0.911558669001751,1.16283524904215,0,0,1,0,0,3,0,0,0.333333333333333,0,0,0,0,0,0,0,0,0,0,0,0,0,0,0,0,0,0,0,0,0,0,0,0,0,0,0,0,0,0,0,0,0,0,0,0
"161","RC","burn","A","RC03",0.577882960413081,1.17200400300225,1.49507389162562,0,0.0714285714285714,0.428571428571429,0.142857142857143,0,1.14285714285714,0,0,0.142857142857143,0,0,0,0,0,0,0,0.142857142857143,0,0.285714285714286,0,0,0,0,0,0,0,0,0,0,0,0,0,0,0,0,0,0,0,0,0,0,0,0,0,0
"162","RC","burn","A","RC04",2.02259036144578,0,1.74425287356322,0,0,0,0,0,2.75,0,0,0,0,0,0,0,0,0,0,0,0,0.25,0,0,0,0,0,0,0,0,0,0,0,0,0,0,0,0,0,0,0,0,0,0,0,0,0,0
"163","RC","burn","A","RC05",0.577882960413081,1.17200400300225,0.498357963875205,0.274177712322042,0.0714285714285714,0,0,0,1.42857142857143,0,0.0714285714285714,0.0714285714285714,0,0,0,0,0,0,0.0714285714285714,0.0714285714285714,0,0,0.0714285714285714,0,0,0,0,0,0,0,0,0,0,0,0,0,0,0,0,0,0,0,0,0,0,0,0,0
"164","RC","burn","A","RC06",0,1.36733800350263,0.872126436781609,0.479810996563574,0.125,0,0,0,0,0.125,0.125,0,0,0,0,0,0,0,0,0,0,0.125,0,0,0,0,0,0,0,0,0,0,0,0,0,0,0,0,0,0,0,0,0,0,0,0,0,0
"165","RC","burn","A","RC07",0.809036144578313,1.0938704028021,1.39540229885057,0,0.1,0,0,0,0.2,0,0,0.4,0,0.1,0,0,0,0,0,0,0,0.2,0,0,0,0,0,0,0,0,0,0,0,0,0,0,0,0,0,0,0,0,0,0,0,0,0,0
"166","RC","burn","A","RC08",1.01129518072289,0.683669001751314,1.74425287356322,0,0,0.25,0,0,3.25,0,0,0.125,0,0,0,0,0,0,0,0,0,0.125,0,0,0,0,0,0,0,0,0,0,0,0,0,0,0,0,0,0,0,0,0,0,0,0,0,0
"167","RC","burn","A","RC09",1.34839357429719,0,2.32567049808429,0,0,2.33333333333333,0,0,1.66666666666667,0,0,0,0,0,0,0,0,0,0,0,0,0.166666666666667,0,0,0,0,0,0,0,0,0,0,0,0,0,0,0,0,0,0,0,0,0,0,0,0,0,0
"168","RC","burn","A","RC10",0.809036144578313,1.0938704028021,1.39540229885057,0,0.1,4.2,0,0,0.8,0,0,0.1,0,0,0,0,0,0,0,0,0,0.1,0,0,0,0,0,0,0,0,0,0,0,0,0,0,0,0,0,0,0,0,0,0,0,0,0,0
"169","RC","burn","B","RC01",2.02259036144578,0,1.74425287356322,0,0,2.5,0,0,1.5,0,0,0,0,0,0,0,0,0,0,0,0,0,0,0,0,0,0,0,0,0,0,0,0,0,0,0,0,0,0,0,0,0,0,0,0,0,0,0
"170","RC","burn","B","RC02",0.674196787148594,0.911558669001751,0.581417624521073,0.639747995418099,0.0833333333333333,0,0,0,0.166666666666667,0.0833333333333333,0,0.0833333333333333,0,0,0,0,0,0,0.0833333333333333,0,0,0.0833333333333333,0,0,0,0,0,0,0,0,0,0,0,0,0,0,0,0,0,0,0,0,0,0,0,0,0,0
"171","RC","burn","B","RC03",0.505647590361446,1.02550350262697,1.30818965517241,0.239905498281787,0.0625,0.125,0,0,0.1875,0,0,0.0625,0.0625,0,0,0,0,0,0.0625,0.0625,0,0.5,0,0,0,0,0,0,0,0,0,0,0,0,0,0,0,0,0,0,0,0,0,0,0,0.0625,0,0
"172","RC","burn","B","RC04",0.674196787148594,1.36733800350263,1.16283524904215,0,0.0833333333333333,0,0,0,0.0833333333333333,0,0,0.5,0.5,0.0833333333333333,0,0,0,0,0,0,0,0.0833333333333333,0,0,0,0,0,0,0,0,0,0,0,0,0,0,0,0,0,0,0,0,0,0,0,0,0,0
"173","RC","burn","B","RC05",0.809036144578313,0.546935201401051,1.39540229885057,0,0.1,0,0,0,1,0,0,0.2,0,0,0.1,0,0,0,0,0.1,0,0.1,0,0,0,0,0,0,0,0,0,0,0,0,0,0,0,0,0,0,0,0,0,0,0,0,0,0
"174","RC","burn","B","RC06",0,0.911558669001751,2.32567049808429,0,0,1,0,0,0,0,0.166666666666667,0,0,0,0,0,0,0,0,0,0,0.166666666666667,0,0,0,0,0,0,0,0,0,0,0,0,0,0,0,0,0,0,0,0,0,0,0,0,0,0
"175","RC","burn","B","RC07",0.809036144578313,0.546935201401051,2.09310344827586,0,0.1,0.1,0,0,1,0,0,0.1,0,0.1,0,0,0,0,0,0.1,0,0.2,0,0,0,0,0,0,0,0,0,0,0,0,0,0,0,0,0,0,0,0,0,0,0,0,0,0
"176","RC","burn","B","RC08",0.674196787148594,0.911558669001751,1.74425287356322,0,0.166666666666667,0.333333333333333,0,0,0.5,0,0.166666666666667,0,0,0,0,0,0,0,0,0.0833333333333333,0,0.333333333333333,0,0,0,0,0,0,0,0,0,0,0,0,0,0,0,0,0,0,0,0,0,0,0,0,0,0
"177","RC","burn","B","RC09",1.34839357429719,0,2.32567049808429,0,0,2,0,0,1.33333333333333,0,0,0,0,0,0,0,0,0,0,0,0,0.166666666666667,0,0,0,0,0,0,0,0,0,0,0,0,0,0,0,0,0,0,0,0,0,0,0,0,0,0
"178","RC","burn","B","RC10",0.809036144578313,1.0938704028021,1.39540229885057,0,0.1,3,0,0,0.6,0,0.1,0.1,0,0,0,0,0,0,0,0,0,0.1,0,0,0,0,0,0,0,0,0,0,0,0,0,0,0,0,0,0,0,0,0,0,0,0,0,0
"179","RC","burn","C","RC01",0,1.36733800350263,0.872126436781609,0.479810996563574,0,0.625,0,0,0,0.0625,0.0625,0.0625,0.0625,0,0,0.0625,0,0,0.0625,0,0,0.0625,0,0,0,0,0,0,0,0,0,0,0,0,0,0,0,0,0,0,0,0,0,0,0,0,0,0
"180","RC","burn","C","RC02",1.01129518072289,0.683669001751314,0.872126436781609,0.479810996563574,0,0.125,0,0,0.5,0,0,0,0.125,0,0,0,0,0,0.125,0,0,0,0,0,0,0,0,0,0,0,0,0,0,0,0,0,0,0,0,0,0,0,0,0,0,0,0,0
"181","RC","burn","C","RC03",1.34839357429719,0.911558669001751,1.16283524904215,0,0,0.833333333333333,0,0,1,0,0,0.166666666666667,0,0,0,0,0,0,0,0,0,0,0,0,0,0,0,0,0,0,0,0,0,0,0,0,0,0,0,0,0,0,0,0,0,0,0,0
"182","RC","burn","C","RC04",1.34839357429719,0.911558669001751,1.16283524904215,0,0.333333333333333,0,0,0,2.66666666666667,0,0,0,0,0,0,0,0,0,0,0,0,0.333333333333333,0,0,0,0,0,0,0,0,0,0,0,0,0,0,0,0,0,0,0,0,0,0,0,0,0,0
"183","RC","burn","C","RC05",0.674196787148594,0.911558669001751,1.16283524904215,0.319873997709049,0.0833333333333333,0.0833333333333333,0,0,0.5,0,0.0833333333333333,0,0,0,0,0,0,0,0.166666666666667,0,0,1,0,0,0,0,0,0,0,0,0,0,0,0,0,0,0,0,0,0,0,0,0,0,0,0,0,0
"184","RC","burn","C","RC06",0.577882960413081,0.781336002001501,0.498357963875205,0.822533136966127,0.0714285714285714,0.0714285714285714,0,0,0.285714285714286,0.0714285714285714,0,0.285714285714286,0,0,0,0,0,0,0,0,0.285714285714286,0,0,0,0,0,0,0,0,0,0,0,0,0,0,0,0,0,0,0,0,0,0,0,0,0.0714285714285714,0,0
"185","RC","burn","C","RC07",0.809036144578313,0.546935201401051,1.39540229885057,0.383848797250859,0,0,0,0,0.4,0,0.1,0,0,0,0,0,0,0,0.1,0.1,0,0.4,0,0,0,0,0,0,0,0,0,0,0,0,0,0,0,0,0,0,0,0,0,0,0,0,0,0
"186","RC","burn","C","RC08",0.809036144578313,1.0938704028021,1.39540229885057,0,0.1,0.1,0,0,1.6,0,0.2,0,0,0,0,0,0,0,0,0,0,0.1,0,0,0,0,0,0,0,0,0,0,0,0,0,0,0,0,0,0,0,0,0,0,0,0,0,0
"187","RC","burn","C","RC09",1.01129518072289,0,1.74425287356322,0,0,0.75,0,0,2,0,0,0,0,0,0,0,0,0,0,0,0,0.125,0,0,0,0,0,0,0,0,0,0,0,0,0,0,0,0,0,0,0,0,0,0,0,0,0,0
"188","RC","burn","C","RC10",0.674196787148594,1.36733800350263,1.16283524904215,0,0.166666666666667,1.5,0,0,0.333333333333333,0,0.0833333333333333,0.0833333333333333,0,0,0,0,0,0,0,0,0,0.0833333333333333,0,0,0,0,0,0,0,0,0,0,0,0,0,0,0,0,0,0,0,0,0,0,0,0,0,0
"189","RC","burn","D","RC01",0,1.8231173380035,1.16283524904215,0,0,1.33333333333333,0,0,0,0,0.166666666666667,0,0,0,0,0.166666666666667,0,0,0,0,0,0,0,0,0,0,0,0,0,0,0,0,0,0,0,0,0,0,0,0,0,0,0,0,0,0,0,0
"190","RC","burn","D","RC02",1.01129518072289,1.36733800350263,0,0.479810996563574,0.125,0,0,0,2,0,0.125,0,0,0,0,0,0,0,0.125,0,0,0,0,0,0,0,0,0,0,0,0,0,0,0,0,0,0,0,0,0,0,0,0,0,0,0,0,0
"191","RC","burn","D","RC03",0,0.911558669001751,1.16283524904215,0.639747995418099,0.0833333333333333,0.833333333333333,0,0,0,0,0,0.333333333333333,0,0,0,0,0,0,0.25,0,0,0.0833333333333333,0,0,0,0,0,0,0,0,0,0,0,0,0,0,0,0,0,0,0,0,0,0,0,0,0,0
"192","RC","burn","D","RC04",0.809036144578313,1.0938704028021,0.697701149425287,0.383848797250859,0.2,0,0,0,2,0,0,0.2,0,0,0,0,0,0,0.2,0,0,0.2,0,0,0,0,0,0,0,0,0,0,0,0,0,0,0,0,0,0,0,0,0,0,0,0,0,0
"193","RC","burn","D","RC05",0.674196787148594,0.911558669001751,1.16283524904215,0.319873997709049,0.166666666666667,0.0833333333333333,0,0,1,0,0,0.5,0,0,0,0,0,0,0,0,0.166666666666667,0.5,0,0,0,0,0,0,0,0,0,0,0,0,0,0,0,0,0,0,0,0,0,0,0,0,0,0
"194","RC","burn","D","RC06",0,0.546935201401051,2.09310344827586,0.383848797250859,0,1.6,0,0,0,0.1,0,0,0.1,0,0,0,0,0,0,0.1,0,0.2,0,0,0,0,0,0,0,0,0,0,0,0,0,0,0,0,0,0,0,0,0,0,0,0,0,0
"195","RC","burn","D","RC07",1.01129518072289,0.683669001751314,1.74425287356322,0,0,0.125,0,0,0.75,0,0,0.125,0,0,0,0,0,0,0,0.125,0,0.25,0,0,0,0,0,0,0,0,0,0,0,0,0,0,0,0,0,0,0,0,0,0,0,0,0,0
"196","RC","burn","D","RC08",1.34839357429719,0.911558669001751,1.16283524904215,0,0,0,0,0,1.66666666666667,0,0.166666666666667,0,0,0,0,0,0,0,0,0,0,0.333333333333333,0,0,0,0,0,0,0,0,0,0,0,0,0,0,0,0,0,0,0,0,0,0,0,0,0,0
"197","RC","burn","D","RC09",1.01129518072289,0.683669001751314,0.872126436781609,0,0,0,0,0,2.5,0,0,0,0.125,0,0,0,0,0,0,0,0,0.125,0,0,0,0,0,0,0,0,0,0,0,0,0,0,0,0,0,0,0,0,0,0,0,0,0,0
"198","RC","burn","D","RC10",0.674196787148594,1.36733800350263,0.581417624521073,0,0.0833333333333333,0.666666666666667,0,0,0.833333333333333,0,0.0833333333333333,0.0833333333333333,0,0,0,0,0,0,0,0,0,0,0,0,0,0,0,0,0,0,0,0,0,0,0,0,0,0,0,0,0,0,0,0,0,0,0,0
"199","RC","control","A","RC01",0,1.36733800350263,1.16283524904215,0.319873997709049,6.66666666666667,0,0,0,0,0.0833333333333333,0.0833333333333333,0.166666666666667,0.0833333333333333,0.166666666666667,0,0,0,0,0,0,0,0,0.0833333333333333,0,0,0,0,0,0,0,0,0,0,0,0,0,0,0,0,0,0,0,0,0,0,0,0,0
"200","RC","control","A","RC02",0,1.17200400300225,0.996715927750411,0.274177712322042,3.14285714285714,0,0,0,0,0.0714285714285714,0,0.571428571428571,0.0714285714285714,0,0.0714285714285714,0,0,0,0,0,0,0.0714285714285714,0.0714285714285714,0,0,0,0,0,0,0,0,0,0,0,0,0,0,0,0,0,0,0,0,0,0,0,0,0
"201","RC","control","A","RC03",0.674196787148594,0.911558669001751,1.16283524904215,0.319873997709049,2,0.0833333333333333,0,0,0.5,0,0,0.666666666666667,0,0.0833333333333333,0,0,0,0,0,0,0,0,0,0,0,0,0,0,0,0,0,0,0,0,0,0,0,0,0,0,0,0,0,0,0,0.0833333333333333,0,0
"202","RC","control","A","RC04",0,0.781336002001501,0.996715927750411,0.548355424644084,1,0,0,0,0,0,0,0.714285714285714,0,0.714285714285714,0,0,0,0,0,0,0,0,0.0714285714285714,0.0714285714285714,0,0,0,0,0,0,0,0,0,0.142857142857143,0,0,0,0,0,0,0,0,0,0,0,0,0,0
"203","RC","control","A","RC05",0,1.36733800350263,0.872126436781609,0.479810996563574,6.5,0,0,0,0,0,0,0.5,0,0.125,0,0,0,0,0,0,0,0,0,0,0,0,0,0,0,0,0,0,0,0,0,0,0,0,0,0,0,0,0,0,0,0.125,0,0
"204","RC","control","A","RC06",0,1.51926444833625,1.16283524904215,0.213249331806033,0.555555555555556,0,0.333333333333333,0,0,0,0.0555555555555556,0.111111111111111,0,0.111111111111111,0,0.111111111111111,0,0,0.777777777777778,0,0,0.0555555555555556,0.0555555555555556,0,0,0,0,0,0,0,0,0,0,0,0,0,0,0,0,0,0,0,0,0,0,0,0,0
"205","RC","control","A","RC07",0.367743702081052,0.994427638911001,0.95141065830721,0.348953452046236,0.818181818181818,0,0.0454545454545455,0,0.909090909090909,0,0,0.272727272727273,0,0.0909090909090909,0,0.0454545454545455,0,0,0,0,0.0454545454545455,0.0454545454545455,0,0.0454545454545455,0,0,0,0,0,0,0,0,0,0,0,0,0,0,0,0,0,0,0,0,0,0,0,0
"206","RC","control","B","RC01",0.809036144578313,1.64080560420315,0.697701149425287,0,4,0,0,0,0.8,0,0.2,0.2,0,0.4,0,0,0,0,0,0,0,0,0,0,0,0,0,0,0,0,0,0,0,0,0,0,0,0,0,0,0,0,0,0,0,0,0,0
"207","RC","control","B","RC02",0,1.02550350262697,0.872126436781609,0.479810996563574,0.25,0,0,0,0,0.0625,0,0.0625,0.0625,0.25,0.0625,0,0,0,0.0625,0,0,0,0.0625,0,0,0,0,0,0,0,0,0,0,0,0,0,0,0,0,0,0,0,0,0,0,0,0,0
"208","RC","control","B","RC03",0.337098393574297,0.911558669001751,1.16283524904215,0.479810996563574,0.333333333333333,0,0.25,0,0.5,0,0,0.0833333333333333,0.0416666666666667,0.0833333333333333,0,0.0416666666666667,0,0,0,0,0.0833333333333333,0.0416666666666667,0.0416666666666667,0.0416666666666667,0,0,0,0,0,0,0,0,0,0.0416666666666667,0,0,0,0,0,0,0,0,0,0,0,0,0,0
"209","RC","control","B","RC04",0,1.02550350262697,1.30818965517241,0.239905498281787,1,0,0,0,0,0,0,0.75,0,0.125,0,0.125,0,0,0,0,0,0,0.0625,0.0625,0,0,0,0,0,0,0,0,0,0,0,0,0,0,0,0,0,0,0,0,0,0,0,0
"210","RC","control","B","RC05",0.577882960413081,1.562672004003,0.498357963875205,0,1.28571428571429,0,0.428571428571429,0,0.571428571428571,0,0,0.285714285714286,0.0714285714285714,0.142857142857143,0,0.0714285714285714,0,0,0,0,0,0,0,0,0,0,0,0,0,0,0,0,0,0,0,0,0,0,0,0,0,0,0,0,0,0,0,0
"211","RC","control","B","RC06",0.44946452476573,1.51926444833625,0.77522349936143,0.213249331806033,0.888888888888889,0,0.111111111111111,0,0.444444444444444,0,0,0.0555555555555556,0.0555555555555556,0.111111111111111,0,0.333333333333333,0,0,0,0,0,0,0,0,0,0,0,0,0,0,0,0,0,0.0555555555555556,0,0,0,0,0,0,0,0,0,0,0,0,0,0
"212","RC","control","B","RC07",0.44946452476573,0.911558669001751,1.16283524904215,0.213249331806033,1.11111111111111,0,0,0,0.111111111111111,0,0,0.222222222222222,0,0.333333333333333,0,0.333333333333333,0,0,0,0,0,0.111111111111111,0,0.0555555555555556,0,0,0,0,0,0,0,0,0,0,0,0,0,0,0,0,0,0,0,0,0,0,0,0
"213","RC","control","C","RC01",1.01129518072289,1.36733800350263,0.872126436781609,0,2,0,0,0,0.75,0,0.125,0,0,0.75,0,0,0,0,0,0,0,0,0,0,0,0,0,0,0,0,0,0,0,0,0,0,0,0,0,0,0,0,0,0,0,0,0,0
"214","RC","control","C","RC02",0.505647590361446,0.683669001751314,1.30818965517241,0.239905498281787,1.125,0.0625,0,0,0.25,0,0,0.375,0,0.25,0.0625,0,0,0,0,0,0,0,0.125,0,0,0,0,0,0,0,0,0,0.0625,0,0,0,0,0,0,0,0,0,0,0,0,0,0,0
"215","RC","control","C","RC03",0,1.8231173380035,0.581417624521073,0.319873997709049,0.166666666666667,0,0,0,0,0,0.166666666666667,0,0.0833333333333333,0.0833333333333333,0,0.333333333333333,0,0,0,0,0,0,0,0,0,0,0,0,0,0,0,0,0,0.0833333333333333,0,0,0,0,0,0,0,0,0,0,0,0,0,0
"216","RC","control","C","RC04",0.674196787148594,1.8231173380035,0.581417624521073,0,0.166666666666667,0.166666666666667,0.333333333333333,0,0.166666666666667,0,0,0.0833333333333333,0,0,0,0.166666666666667,0,0,0,0,0,0,0,0,0,0,0,0,0,0,0,0,0,0,0,0,0,0,0,0,0,0,0,0,0,0,0,0
"217","RC","control","C","RC05",0.505647590361446,1.36733800350263,0.872126436781609,0,2.25,0.0625,0,0,0.375,0,0,0.375,0.0625,0.0625,0,0.125,0,0,0,0,0,0,0,0,0,0,0,0,0,0,0,0,0,0,0,0,0,0,0,0,0,0,0,0,0,0,0,0
"218","RC","control","C","RC06",0.809036144578313,1.0938704028021,0.697701149425287,0.383848797250859,9,0,0,0,0.4,0,0,0.4,0,0,0,0,0,0,0,0,0,0,0.1,0.1,0,0,0,0,0,0,0,0,0,0,0,0,0,0,0,0,0,0,0,0,0,0,0,0
"219","RC","control","D","RC01",0.809036144578313,2.1877408056042,0,0,0.4,0,0,0,1.4,0,0.1,0.1,0.1,0,0,0.4,0,0,0,0,0,0,0,0,0,0,0,0,0,0,0,0,0,0,0,0,0,0,0,0,0,0,0,0,0,0,0,0
"220","RC","control","D","RC02",0,1.36733800350263,0.436063218390805,0.479810996563574,0.25,0,0.0625,0,0,0.25,0,0.0625,0.125,0,0.0625,0,0,0,0.5,0,0,0.0625,0.0625,0,0,0,0,0,0,0,0,0,0,0,0,0,0,0,0,0,0,0,0,0,0,0,0,0
"221","RC","control","D","RC03",0.505647590361446,1.02550350262697,0.872126436781609,0.479810996563574,1.25,0,0,0,0.75,0,0,0.25,0,0.5,0,0.125,0,0,0,0,0,0,0.125,0,0,0,0,0,0,0,0,0,0,0,0,0,0,0,0,0,0,0,0,0,0,0,0.25,0
"222","RC","control","D","RC04",0,1.36733800350263,0.436063218390805,0.479810996563574,2.25,0,0.0625,0,0,0,0,0.375,0.0625,0.0625,0,0.0625,0,0,0,0,0,0,0,0.0625,0,0,0,0,0,0,0,0,0,0.125,0,0,0,0,0,0,0,0,0,0,0,0,0,0
"223","RC","control","D","RC05",0.44946452476573,1.51926444833625,0.387611749680715,0.213249331806033,1.33333333333333,0,0.0555555555555556,0,0.333333333333333,0,0.0555555555555556,0.222222222222222,0.222222222222222,0.0555555555555556,0,0,0,0,0,0,0,0,0,0.0555555555555556,0,0,0,0,0,0,0,0,0,0,0,0,0,0,0,0,0,0,0,0,0,0,0,0
"224","RC","control","D","RC06",0.674196787148594,0.911558669001751,1.16283524904215,0.319873997709049,2.5,0,0,0,0.666666666666667,0,0,0.5,0,0.166666666666667,0,0,0,0,0,0,0,0,0.0833333333333333,0,0,0,0,0,0,0,0,0,0,0,0,0,0,0,0,0,0,0,0,0,0,0.0833333333333333,0,0
