Plot,Quad,ID,Site,Sample.Year,Burn.Year,Treatment ,cyano,Lichen,Moss,Mixed,Total,2017_precip,2018_precip,2019_precip,2020_precip
pge01,a,pge01a2018,pge,2018,2017,rx,4,0,1,NA,5,5.541666667,1.863333333,5.976666667,3.336666667
pge01,b,pge01b2018,pge,2018,2017,rx,10,0,2,NA,12,5.541666667,1.863333333,5.976666667,3.336666667
pge01,c,pge01c2018,pge,2018,2017,rx,5,0,0,NA,5,5.541666667,1.863333333,5.976666667,3.336666667
pge01,d,pge01d2018,pge,2018,2017,rx,9,0,1,NA,10,5.541666667,1.863333333,5.976666667,3.336666667
pge02,a,pge02a2018,pge,2018,2017,rx,45,0,0,NA,45,5.541666667,1.863333333,5.976666667,3.336666667
pge02,b,pge02b2018,pge,2018,2017,rx,16,0,1,NA,17,5.541666667,1.863333333,5.976666667,3.336666667
pge02,c,pge02c2018,pge,2018,2017,rx,50,0,0,NA,50,5.541666667,1.863333333,5.976666667,3.336666667
pge02,d,pge02d2018,pge,2018,2017,rx,31,1,1,NA,33,5.541666667,1.863333333,5.976666667,3.336666667
pge03,a,pge03a2018,pge,2018,2017,rx,5,0,4,NA,9,5.541666667,1.863333333,5.976666667,3.336666667
pge03,b,pge03b2018,pge,2018,2017,rx,60,0,0,NA,60,5.541666667,1.863333333,5.976666667,3.336666667
pge03,c,pge03c2018,pge,2018,2017,rx,6,0,0,NA,6,5.541666667,1.863333333,5.976666667,3.336666667
pge03,d,pge03d2018,pge,2018,2017,rx,30,0,0,NA,30,5.541666667,1.863333333,5.976666667,3.336666667
pge04,a,pge04a2018,pge,2018,2017,rx,40,0,0,NA,40,5.541666667,1.863333333,5.976666667,3.336666667
pge04,b,pge04b2018,pge,2018,2017,rx,10,0,0,NA,10,5.541666667,1.863333333,5.976666667,3.336666667
pge04,c,pge04c2018,pge,2018,2017,rx,30,0,0,NA,30,5.541666667,1.863333333,5.976666667,3.336666667
pge04,d,pge04d2018,pge,2018,2017,rx,10,0,0,NA,10,5.541666667,1.863333333,5.976666667,3.336666667
pge05,a,pge05a2018,pge,2018,2017,rx,2,0,0,NA,2,5.541666667,1.863333333,5.976666667,3.336666667
pge05,b,pge05b2018,pge,2018,2017,rx,20,1,0,NA,21,5.541666667,1.863333333,5.976666667,3.336666667
pge05,c,pge05c2018,pge,2018,2017,rx,6,0,0,NA,6,5.541666667,1.863333333,5.976666667,3.336666667
pge05,d,pge05d2018,pge,2018,2017,rx,29,0,1,NA,30,5.541666667,1.863333333,5.976666667,3.336666667
pge06,a,pge06a2018,pge,2018,2017,rx,10,0,0,NA,10,5.541666667,1.863333333,5.976666667,3.336666667
pge06,b,pge06b2018,pge,2018,2017,rx,5,0,1,NA,6,5.541666667,1.863333333,5.976666667,3.336666667
pge06,c,pge06c2018,pge,2018,2017,rx,15,0,0,NA,15,5.541666667,1.863333333,5.976666667,3.336666667
pge06,d,pge06d2018,pge,2018,2017,rx,5,0,0,NA,5,5.541666667,1.863333333,5.976666667,3.336666667
pge07,a,pge07a2018,pge,2018,2017,rx,10,1,0,NA,11,5.541666667,1.863333333,5.976666667,3.336666667
pge07,b,pge07b2018,pge,2018,2017,rx,20,1,0,NA,21,5.541666667,1.863333333,5.976666667,3.336666667
pge07,c,pge07c2018,pge,2018,2017,rx,8,0,0,NA,8,5.541666667,1.863333333,5.976666667,3.336666667
pge07,d,pge07d2018,pge,2018,2017,rx,25,0,0,NA,25,5.541666667,1.863333333,5.976666667,3.336666667
pge08,a,pge08a2018,pge,2018,2017,rx,60,30,0,NA,90,5.541666667,1.863333333,5.976666667,3.336666667
pge08,b,pge08b2018,pge,2018,2017,rx,55,5,0,NA,60,5.541666667,1.863333333,5.976666667,3.336666667
pge08,c,pge08c2018,pge,2018,2017,rx,30,10,2,NA,42,5.541666667,1.863333333,5.976666667,3.336666667
pge08,d,pge08d2018,pge,2018,2017,rx,35,6,0,NA,41,5.541666667,1.863333333,5.976666667,3.336666667
pge09,a,pge09a2018,pge,2018,2017,rx,65,3,0,NA,68,5.541666667,1.863333333,5.976666667,3.336666667
pge09,b,pge09b2018,pge,2018,2017,rx,9,0,1,NA,10,5.541666667,1.863333333,5.976666667,3.336666667
pge09,c,pge09c2018,pge,2018,2017,rx,5,4,1,NA,10,5.541666667,1.863333333,5.976666667,3.336666667
pge09,d,pge09d2018,pge,2018,2017,rx,12,0,3,NA,15,5.541666667,1.863333333,5.976666667,3.336666667
pge10,a,pge10a2018,pge,2018,2017,rx,35,1,20,NA,56,5.541666667,1.863333333,5.976666667,3.336666667
pge10,b,pge10b2018,pge,2018,2017,rx,25,1,20,NA,46,5.541666667,1.863333333,5.976666667,3.336666667
pge10,c,pge10c2018,pge,2018,2017,rx,25,1,30,NA,56,5.541666667,1.863333333,5.976666667,3.336666667
pge10,d,pge10d2018,pge,2018,2017,rx,40,4,5,NA,49,5.541666667,1.863333333,5.976666667,3.336666667
pgw01,a,pgw01a2018,pgw,2018,2017,rx,4,0,0,NA,4,5.541666667,1.863333333,5.976666667,3.336666667
pgw01,b,pgw01b2018,pgw,2018,2017,rx,2,0,0,NA,2,5.541666667,1.863333333,5.976666667,3.336666667
pgw01,c,pgw01c2018,pgw,2018,2017,rx,2,0,0,NA,2,5.541666667,1.863333333,5.976666667,3.336666667
pgw01,d,pgw01d2018,pgw,2018,2017,rx,16,3,0,NA,19,5.541666667,1.863333333,5.976666667,3.336666667
pgw02,a,pgw02a2018,pgw,2018,2017,rx,12,0,0,NA,12,5.541666667,1.863333333,5.976666667,3.336666667
pgw02,b,pgw02b2018,pgw,2018,2017,rx,40,0,0,NA,40,5.541666667,1.863333333,5.976666667,3.336666667
pgw02,c,pgw02c2018,pgw,2018,2017,rx,4,0,0,NA,4,5.541666667,1.863333333,5.976666667,3.336666667
pgw02,d,pgw02d2018,pgw,2018,2017,rx,12,0,0,NA,12,5.541666667,1.863333333,5.976666667,3.336666667
pgw03,a,pgw03a2018,pgw,2018,2017,rx,3,0,0,NA,3,5.541666667,1.863333333,5.976666667,3.336666667
pgw03,b,pgw03b2018,pgw,2018,2017,rx,2,0,0,NA,2,5.541666667,1.863333333,5.976666667,3.336666667
pgw03,c,pgw03c2018,pgw,2018,2017,rx,5,0,0,NA,5,5.541666667,1.863333333,5.976666667,3.336666667
pgw03,d,pgw03d2018,pgw,2018,2017,rx,2,0,0,NA,2,5.541666667,1.863333333,5.976666667,3.336666667
pgw04,a,pgw04a2018,pgw,2018,2017,rx,5,0,0,NA,5,5.541666667,1.863333333,5.976666667,3.336666667
pgw04,b,pgw04b2018,pgw,2018,2017,rx,8,0,0,NA,8,5.541666667,1.863333333,5.976666667,3.336666667
pgw04,c,pgw04c2018,pgw,2018,2017,rx,6,0,0,NA,6,5.541666667,1.863333333,5.976666667,3.336666667
pgw04,d,pgw04d2018,pgw,2018,2017,rx,2,0,0,NA,2,5.541666667,1.863333333,5.976666667,3.336666667
pgw05,a,pgw05a2018,pgw,2018,2017,rx,8,0,0,NA,8,5.541666667,1.863333333,5.976666667,3.336666667
pgw05,b,pgw05b2018,pgw,2018,2017,rx,4,0,0,NA,4,5.541666667,1.863333333,5.976666667,3.336666667
pgw05,c,pgw05c2018,pgw,2018,2017,rx,5,1,0,NA,6,5.541666667,1.863333333,5.976666667,3.336666667
pgw05,d,pgw05d2018,pgw,2018,2017,rx,4,0,0,NA,4,5.541666667,1.863333333,5.976666667,3.336666667
pgw06,a,pgw06a2018,pgw,2018,2017,rx,4,0,0,NA,4,5.541666667,1.863333333,5.976666667,3.336666667
pgw06,b,pgw06b2018,pgw,2018,2017,rx,3,0,0,NA,3,5.541666667,1.863333333,5.976666667,3.336666667
pgw06,c,pgw06c2018,pgw,2018,2017,rx,9,0,0,NA,9,5.541666667,1.863333333,5.976666667,3.336666667
pgw06,d,pgw06d2018,pgw,2018,2017,rx,8,0,0,NA,8,5.541666667,1.863333333,5.976666667,3.336666667
pgw07,a,pgw07a2018,pgw,2018,2017,rx,5,3,0,NA,8,5.541666667,1.863333333,5.976666667,3.336666667
pgw07,b,pgw07b2018,pgw,2018,2017,rx,5,0,0,NA,5,5.541666667,1.863333333,5.976666667,3.336666667
pgw07,c,pgw07c2018,pgw,2018,2017,rx,7,0,0,NA,5,5.541666667,1.863333333,5.976666667,3.336666667
pgw07,d,pgw07d2018,pgw,2018,2017,rx,15,0,1,NA,8,5.541666667,1.863333333,5.976666667,3.336666667
pgw08,a,pgw08a2018,pgw,2018,2017,rx,18,1,0,NA,16,5.541666667,1.863333333,5.976666667,3.336666667
pgw08,b,pgw08b2018,pgw,2018,2017,rx,17,0,1,NA,19,5.541666667,1.863333333,5.976666667,3.336666667
pgw08,c,pgw08c2018,pgw,2018,2017,rx,9,1,0,NA,18,5.541666667,1.863333333,5.976666667,3.336666667
pgw08,d,pgw08d2018,pgw,2018,2017,rx,50,0,0,NA,9,5.541666667,1.863333333,5.976666667,3.336666667
pgw09,a,pgw09a2018,pgw,2018,2017,rx,25,2,1,NA,53,5.541666667,1.863333333,5.976666667,3.336666667
pgw09,b,pgw09b2018,pgw,2018,2017,rx,60,0,0,NA,25,5.541666667,1.863333333,5.976666667,3.336666667
pgw09,c,pgw09c2018,pgw,2018,2017,rx,30,1,0,NA,61,5.541666667,1.863333333,5.976666667,3.336666667
pgw09,d,pgw09d2018,pgw,2018,2017,rx,10,0,0,NA,30,5.541666667,1.863333333,5.976666667,3.336666667
pgw10,a,pgw10a2018,pgw,2018,2017,rx,75,0,0,NA,10,5.541666667,1.863333333,5.976666667,3.336666667
pgw10,b,pgw10b2018,pgw,2018,2017,rx,65,0,0,NA,75,5.541666667,1.863333333,5.976666667,3.336666667
pgw10,c,pgw10c2018,pgw,2018,2017,rx,60,1,1,NA,67,5.541666667,1.863333333,5.976666667,3.336666667
pgw10,d,pgw10d2018,pgw,2018,2017,rx,30,1,0,NA,61,5.541666667,1.863333333,5.976666667,3.336666667
rc01,a,rc01a2018,rc,2018,2012,wild,2,0,0,NA,2,5.541666667,1.863333333,5.976666667,3.336666667
rc01,b,rc01b2018,rc,2018,2012,wild,8,1,2,NA,11,5.541666667,1.863333333,5.976666667,3.336666667
rc01,c,rc01c2018,rc,2018,2012,wild,14,1,1,NA,16,5.541666667,1.863333333,5.976666667,3.336666667
rc01,d,rc01d2018,rc,2018,2012,wild,30,0,0,NA,30,5.541666667,1.863333333,5.976666667,3.336666667
rc02,a,rc02a2018,rc,2018,2012,wild,1,0,0,NA,1,5.541666667,1.863333333,5.976666667,3.336666667
rc02,b,rc02b2018,rc,2018,2012,wild,1,0,0,NA,1,5.541666667,1.863333333,5.976666667,3.336666667
rc02,c,rc02c2018,rc,2018,2012,wild,1,0,2,NA,3,5.541666667,1.863333333,5.976666667,3.336666667
rc02,d,rc02d2018,rc,2018,2012,wild,5,1,1,NA,7,5.541666667,1.863333333,5.976666667,3.336666667
rc03,a,rc03a2018,rc,2018,2012,wild,1,0,0,NA,1,5.541666667,1.863333333,5.976666667,3.336666667
rc03,b,rc03b2018,rc,2018,2012,wild,1,3,0,NA,4,5.541666667,1.863333333,5.976666667,3.336666667
rc03,c,rc03c2018,rc,2018,2012,wild,7,7,3,NA,17,5.541666667,1.863333333,5.976666667,3.336666667
rc03,d,rc03d2018,rc,2018,2012,wild,1,0,1,NA,2,5.541666667,1.863333333,5.976666667,3.336666667
rc04,a,rc04a2018,rc,2018,2012,wild,1,0,0,NA,1,5.541666667,1.863333333,5.976666667,3.336666667
rc04,b,rc04b2018,rc,2018,2012,wild,8,3,6,NA,17,5.541666667,1.863333333,5.976666667,3.336666667
rc04,c,rc04c2018,rc,2018,2012,wild,1,0,0,NA,1,5.541666667,1.863333333,5.976666667,3.336666667
rc04,d,rc04d2018,rc,2018,2012,wild,1,1,1,NA,3,5.541666667,1.863333333,5.976666667,3.336666667
rc05,a,rc05a2018,rc,2018,2012,wild,1,0,0,NA,1,5.541666667,1.863333333,5.976666667,3.336666667
rc05,b,rc05b2018,rc,2018,2012,wild,1,0,0,NA,1,5.541666667,1.863333333,5.976666667,3.336666667
rc05,c,rc05c2018,rc,2018,2012,wild,1,0,0,NA,1,5.541666667,1.863333333,5.976666667,3.336666667
rc05,d,rc05d2018,rc,2018,2012,wild,7,5,0,NA,12,5.541666667,1.863333333,5.976666667,3.336666667
rc06,a,rc06a2018,rc,2018,2012,wild,0,0,0,NA,0,5.541666667,1.863333333,5.976666667,3.336666667
rc06,b,rc06b2018,rc,2018,2012,wild,1,1,2,NA,4,5.541666667,1.863333333,5.976666667,3.336666667
rc06,c,rc06c2018,rc,2018,2012,wild,0,0,0,NA,0,5.541666667,1.863333333,5.976666667,3.336666667
rc06,d,rc06d2018,rc,2018,2012,wild,4,0,2,NA,6,5.541666667,1.863333333,5.976666667,3.336666667
rc07,a,rc07a2018,rc,2018,2012,wild,0,0,1,NA,1,5.541666667,1.863333333,5.976666667,3.336666667
rc07,b,rc07b2018,rc,2018,2012,wild,1,0,0,NA,1,5.541666667,1.863333333,5.976666667,3.336666667
rc07,c,rc07c2018,rc,2018,2012,wild,0,0,0,NA,0,5.541666667,1.863333333,5.976666667,3.336666667
rc07,d,rc07d2018,rc,2018,2012,wild,0,0,0,NA,0,5.541666667,1.863333333,5.976666667,3.336666667
rc08,a,rc08a2018,rc,2018,2012,wild,0,0,3,NA,3,5.541666667,1.863333333,5.976666667,3.336666667
rc08,b,rc08b2018,rc,2018,2012,wild,1,1,2,NA,4,5.541666667,1.863333333,5.976666667,3.336666667
rc08,c,rc08c2018,rc,2018,2012,wild,1,0,0,NA,1,5.541666667,1.863333333,5.976666667,3.336666667
rc08,d,rc08d2018,rc,2018,2012,wild,1,0,3,NA,4,5.541666667,1.863333333,5.976666667,3.336666667
rc09,a,rc09a2018,rc,2018,2012,wild,1,0,2,NA,3,5.541666667,1.863333333,5.976666667,3.336666667
rc09,b,rc09b2018,rc,2018,2012,wild,5,1,1,NA,7,5.541666667,1.863333333,5.976666667,3.336666667
rc09,c,rc09c2018,rc,2018,2012,wild,1,0,0,NA,1,5.541666667,1.863333333,5.976666667,3.336666667
rc09,d,rc09d2018,rc,2018,2012,wild,1,0,1,NA,2,5.541666667,1.863333333,5.976666667,3.336666667
rc10,a,rc10a2018,rc,2018,2012,wild,2,1,1,NA,4,5.541666667,1.863333333,5.976666667,3.336666667
rc10,b,rc10b2018,rc,2018,2012,wild,5,2,0,NA,7,5.541666667,1.863333333,5.976666667,3.336666667
rc10,c,rc10c2018,rc,2018,2012,wild,7,1,0,NA,8,5.541666667,1.863333333,5.976666667,3.336666667
rc10,d,rc10d2018,rc,2018,2012,wild,10,3,0,NA,13,5.541666667,1.863333333,5.976666667,3.336666667
rc01,a,rcb01a2018,rc,2018,2017/2012,rx/wild,0,0,0,NA,0,5.541666667,1.863333333,5.976666667,3.336666667
rc01,b,rcb01b2018,rc,2018,2017/2012,rx/wild,1,0,0,NA,1,5.541666667,1.863333333,5.976666667,3.336666667
rc01,c,rcb01c2018,rc,2018,2017/2012,rx/wild,2,0,0,NA,2,5.541666667,1.863333333,5.976666667,3.336666667
rc01,d,rcb01d2018,rc,2018,2017/2012,rx/wild,1,0,1,NA,2,5.541666667,1.863333333,5.976666667,3.336666667
rc02,a,rcb02a2018,rc,2018,2017/2012,rx/wild,18,0,0,NA,18,5.541666667,1.863333333,5.976666667,3.336666667
rc02,b,rcb02b2018,rc,2018,2017/2012,rx/wild,7,3,0,NA,10,5.541666667,1.863333333,5.976666667,3.336666667
rc02,c,rcb02c2018,rc,2018,2017/2012,rx/wild,5,15,2,NA,22,5.541666667,1.863333333,5.976666667,3.336666667
rc02,d,rcb02d2018,rc,2018,2017/2012,rx/wild,20,4,0,NA,24,5.541666667,1.863333333,5.976666667,3.336666667
rc03,a,rcb03a2018,rc,2018,2017/2012,rx/wild,10,0,1,NA,11,5.541666667,1.863333333,5.976666667,3.336666667
rc03,b,rcb03b2018,rc,2018,2017/2012,rx/wild,5,0,0,NA,5,5.541666667,1.863333333,5.976666667,3.336666667
rc03,c,rcb03c2018,rc,2018,2017/2012,rx/wild,34,0,1,NA,35,5.541666667,1.863333333,5.976666667,3.336666667
rc03,d,rcb03d2018,rc,2018,2017/2012,rx/wild,15,0,0,NA,15,5.541666667,1.863333333,5.976666667,3.336666667
rc04,a,rcb04a2018,rc,2018,2017/2012,rx/wild,45,0,15,NA,60,5.541666667,1.863333333,5.976666667,3.336666667
rc04,b,rcb04b2018,rc,2018,2017/2012,rx/wild,12,0,1,NA,13,5.541666667,1.863333333,5.976666667,3.336666667
rc04,c,rcb04c2018,rc,2018,2017/2012,rx/wild,7,1,0,NA,8,5.541666667,1.863333333,5.976666667,3.336666667
rc04,d,rcb04d2018,rc,2018,2017/2012,rx/wild,7,1,1,NA,9,5.541666667,1.863333333,5.976666667,3.336666667
rc05,a,rcb05a2018,rc,2018,2017/2012,rx/wild,4,0,2,NA,6,5.541666667,1.863333333,5.976666667,3.336666667
rc05,b,rcb05b2018,rc,2018,2017/2012,rx/wild,2,0,5,NA,7,5.541666667,1.863333333,5.976666667,3.336666667
rc05,c,rcb05c2018,rc,2018,2017/2012,rx/wild,0,0,0,NA,0,5.541666667,1.863333333,5.976666667,3.336666667
rc05,d,rcb05d2018,rc,2018,2017/2012,rx/wild,2,0,0,NA,2,5.541666667,1.863333333,5.976666667,3.336666667
rc06,a,rcb06a2018,rc,2018,2017/2012,rx/wild,6,0,1,NA,7,5.541666667,1.863333333,5.976666667,3.336666667
rc06,b,rcb06b2018,rc,2018,2017/2012,rx/wild,10,0,1,NA,11,5.541666667,1.863333333,5.976666667,3.336666667
rc06,c,rcb06c2018,rc,2018,2017/2012,rx/wild,8,0,0,NA,8,5.541666667,1.863333333,5.976666667,3.336666667
rc06,d,rcb06d2018,rc,2018,2017/2012,rx/wild,21,1,1,NA,23,5.541666667,1.863333333,5.976666667,3.336666667
rc07,a,rcb07a2018,rc,2018,2017/2012,rx/wild,24,0,2,NA,26,5.541666667,1.863333333,5.976666667,3.336666667
rc07,b,rcb07b2018,rc,2018,2017/2012,rx/wild,9,0,1,NA,10,5.541666667,1.863333333,5.976666667,3.336666667
rc07,c,rcb07c2018,rc,2018,2017/2012,rx/wild,13,0,1,NA,14,5.541666667,1.863333333,5.976666667,3.336666667
rc07,d,rcb07d2018,rc,2018,2017/2012,rx/wild,10,0,1,NA,11,5.541666667,1.863333333,5.976666667,3.336666667
rc08,a,rcb08a2018,rc,2018,2017/2012,rx/wild,20,0,5,NA,25,5.541666667,1.863333333,5.976666667,3.336666667
rc08,b,rcb08b2018,rc,2018,2017/2012,rx/wild,19,0,6,NA,25,5.541666667,1.863333333,5.976666667,3.336666667
rc08,c,rcb08c2018,rc,2018,2017/2012,rx/wild,19,0,0,NA,19,5.541666667,1.863333333,5.976666667,3.336666667
rc08,d,rcb08d2018,rc,2018,2017/2012,rx/wild,36,0,18,NA,54,5.541666667,1.863333333,5.976666667,3.336666667
rc09,a,rcb09a2018,rc,2018,2017/2012,rx/wild,15,0,1,NA,16,5.541666667,1.863333333,5.976666667,3.336666667
rc09,b,rcb09b2018,rc,2018,2017/2012,rx/wild,21,0,3,NA,24,5.541666667,1.863333333,5.976666667,3.336666667
rc09,c,rcb09c2018,rc,2018,2017/2012,rx/wild,27,0,1,NA,28,5.541666667,1.863333333,5.976666667,3.336666667
rc09,d,rcb09d2018,rc,2018,2017/2012,rx/wild,19,0,2,NA,21,5.541666667,1.863333333,5.976666667,3.336666667
rc10,a,rcb10a2018,rc,2018,2017/2012,rx/wild,10,0,1,NA,11,5.541666667,1.863333333,5.976666667,3.336666667
rc10,b,rcb10b2018,rc,2018,2017/2012,rx/wild,29,0,1,NA,30,5.541666667,1.863333333,5.976666667,3.336666667
rc10,c,rcb10c2018,rc,2018,2017/2012,rx/wild,20,0,1,NA,21,5.541666667,1.863333333,5.976666667,3.336666667
rc10,d,rcb10d2018,rc,2018,2017/2012,rx/wild,11,0,0,NA,11,5.541666667,1.863333333,5.976666667,3.336666667
pge01,a,pgec01a2018,pge,2018,none,none,0,0,0,NA,0,5.541666667,1.863333333,5.976666667,3.336666667
pge01,b,pgec01b2018,pge,2018,none,none,2,0,1,NA,3,5.541666667,1.863333333,5.976666667,3.336666667
pge01,c,pgec01c2018,pge,2018,none,none,8,0,0,NA,8,5.541666667,1.863333333,5.976666667,3.336666667
pge01,d,pgec01d2018,pge,2018,none,none,1,0,0,NA,1,5.541666667,1.863333333,5.976666667,3.336666667
pge02,a,pgec02a2018,pge,2018,none,none,5,0,0,NA,5,5.541666667,1.863333333,5.976666667,3.336666667
pge02,b,pgec02b2018,pge,2018,none,none,2,0,0,NA,2,5.541666667,1.863333333,5.976666667,3.336666667
pge02,c,pgec02c2018,pge,2018,none,none,7,0,0,NA,7,5.541666667,1.863333333,5.976666667,3.336666667
pge02,d,pgec02d2018,pge,2018,none,none,20,0,0,NA,20,5.541666667,1.863333333,5.976666667,3.336666667
pge03,a,pgec03a2018,pge,2018,none,none,3,0,0,NA,3,5.541666667,1.863333333,5.976666667,3.336666667
pge03,b,pgec03b2018,pge,2018,none,none,4,0,0,NA,4,5.541666667,1.863333333,5.976666667,3.336666667
pge03,c,pgec03c2018,pge,2018,none,none,0,0,0,NA,0,5.541666667,1.863333333,5.976666667,3.336666667
pge03,d,pgec03d2018,pge,2018,none,none,20,0,0,NA,20,5.541666667,1.863333333,5.976666667,3.336666667
pge04,a,pgec04a2018,pge,2018,none,none,0,0,0,NA,0,5.541666667,1.863333333,5.976666667,3.336666667
pge04,b,pgec04b2018,pge,2018,none,none,0,0,0,NA,0,5.541666667,1.863333333,5.976666667,3.336666667
pge04,c,pgec04c2018,pge,2018,none,none,0,0,0,NA,0,5.541666667,1.863333333,5.976666667,3.336666667
pge04,d,pgec04d2018,pge,2018,none,none,0,0,0,NA,0,5.541666667,1.863333333,5.976666667,3.336666667
pge05,a,pgec05a2018,pge,2018,none,none,0,0,0,NA,0,5.541666667,1.863333333,5.976666667,3.336666667
pge05,b,pgec05b2018,pge,2018,none,none,0,0,0,NA,0,5.541666667,1.863333333,5.976666667,3.336666667
pge05,c,pgec05c2018,pge,2018,none,none,0,0,0,NA,0,5.541666667,1.863333333,5.976666667,3.336666667
pge05,d,pgec05d2018,pge,2018,none,none,1,0,0,NA,1,5.541666667,1.863333333,5.976666667,3.336666667
pge06,a,pgec06a2018,pge,2018,none,none,2,0,0,NA,2,5.541666667,1.863333333,5.976666667,3.336666667
pge06,b,pgec06b2018,pge,2018,none,none,3,2,1,NA,6,5.541666667,1.863333333,5.976666667,3.336666667
pge06,c,pgec06c2018,pge,2018,none,none,1,0,0,NA,1,5.541666667,1.863333333,5.976666667,3.336666667
pge06,d,pgec06d2018,pge,2018,none,none,2,0,1,NA,3,5.541666667,1.863333333,5.976666667,3.336666667
pge07,a,pgec07a2018,pge,2018,none,none,1,0,0,NA,1,5.541666667,1.863333333,5.976666667,3.336666667
pge07,b,pgec07b2018,pge,2018,none,none,2,0,0,NA,2,5.541666667,1.863333333,5.976666667,3.336666667
pge07,c,pgec07c2018,pge,2018,none,none,2,0,0,NA,2,5.541666667,1.863333333,5.976666667,3.336666667
pge07,d,pgec07d2018,pge,2018,none,none,0,0,0,NA,0,5.541666667,1.863333333,5.976666667,3.336666667
pge08,a,pgec08a2018,pge,2018,none,none,9,1,0,NA,10,5.541666667,1.863333333,5.976666667,3.336666667
pge08,b,pgec08b2018,pge,2018,none,none,10,1,0,NA,11,5.541666667,1.863333333,5.976666667,3.336666667
pge08,c,pgec08c2018,pge,2018,none,none,25,2,0,NA,27,5.541666667,1.863333333,5.976666667,3.336666667
pge08,d,pgec08d2018,pge,2018,none,none,40,3,0,NA,43,5.541666667,1.863333333,5.976666667,3.336666667
pge09,a,pgec09a2018,pge,2018,none,none,4,0,0,NA,4,5.541666667,1.863333333,5.976666667,3.336666667
pge09,b,pgec09b2018,pge,2018,none,none,3,0,0,NA,3,5.541666667,1.863333333,5.976666667,3.336666667
pge09,c,pgec09c2018,pge,2018,none,none,2,0,0,NA,2,5.541666667,1.863333333,5.976666667,3.336666667
pge09,d,pgec09d2018,pge,2018,none,none,5,0,0,NA,5,5.541666667,1.863333333,5.976666667,3.336666667
pge10,a,pgec10a2018,pge,2018,none,none,0,0,0,NA,0,5.541666667,1.863333333,5.976666667,3.336666667
pge10,b,pgec10b2018,pge,2018,none,none,0,0,0,NA,0,5.541666667,1.863333333,5.976666667,3.336666667
pge10,c,pgec10c2018,pge,2018,none,none,0,0,0,NA,0,5.541666667,1.863333333,5.976666667,3.336666667
pge10,d,pgec10d2018,pge,2018,none,none,1,0,0,NA,1,5.541666667,1.863333333,5.976666667,3.336666667
pgw01,a,pgwc01a2018,pgw,2018,none,none,0,1,1,NA,32,5.541666667,1.863333333,5.976666667,3.336666667
pgw01,b,pgwc01b2018,pgw,2018,none,none,1,0,0,NA,0,5.541666667,1.863333333,5.976666667,3.336666667
pgw01,c,pgwc01c2018,pgw,2018,none,none,13,0,0,NA,1,5.541666667,1.863333333,5.976666667,3.336666667
pgw01,d,pgwc01d2018,pgw,2018,none,none,20,1,0,NA,14,5.541666667,1.863333333,5.976666667,3.336666667
pgw02,a,pgwc02a2018,pgw,2018,none,none,2,2,0,NA,22,5.541666667,1.863333333,5.976666667,3.336666667
pgw02,b,pgwc02b2018,pgw,2018,none,none,0,1,2,NA,5,5.541666667,1.863333333,5.976666667,3.336666667
pgw02,c,pgwc02c2018,pgw,2018,none,none,1,0,0,NA,0,5.541666667,1.863333333,5.976666667,3.336666667
pgw02,d,pgwc02d2018,pgw,2018,none,none,1,0,0,NA,1,5.541666667,1.863333333,5.976666667,3.336666667
pgw03,a,pgwc03a2018,pgw,2018,none,none,5,0,0,NA,1,5.541666667,1.863333333,5.976666667,3.336666667
pgw03,b,pgwc03b2018,pgw,2018,none,none,,1,0,NA,6,5.541666667,1.863333333,5.976666667,3.336666667
pgw03,c,pgwc03c2018,pgw,2018,none,none,5,0,0,NA,0,5.541666667,1.863333333,5.976666667,3.336666667
pgw03,d,pgwc03d2018,pgw,2018,none,none,8,2,1,NA,8,5.541666667,1.863333333,5.976666667,3.336666667
pgw04,a,pgwc04a2018,pgw,2018,none,none,4,1,0,NA,9,5.541666667,1.863333333,5.976666667,3.336666667
pgw04,b,pgwc04b2018,pgw,2018,none,none,7,1,1,NA,6,5.541666667,1.863333333,5.976666667,3.336666667
pgw04,c,pgwc04c2018,pgw,2018,none,none,0,2,1,NA,10,5.541666667,1.863333333,5.976666667,3.336666667
pgw04,d,pgwc04d2018,pgw,2018,none,none,8,0,0,NA,0,5.541666667,1.863333333,5.976666667,3.336666667
pgw05,a,pgwc05a2018,pgw,2018,none,none,6,2,0,NA,10,5.541666667,1.863333333,5.976666667,3.336666667
pgw05,b,pgwc05b2018,pgw,2018,none,none,9,0,0,NA,6,5.541666667,1.863333333,5.976666667,3.336666667
pgw05,c,pgwc05c2018,pgw,2018,none,none,2,1,0,NA,10,5.541666667,1.863333333,5.976666667,3.336666667
pgw05,d,pgwc05d2018,pgw,2018,none,none,9,0,0,NA,2,5.541666667,1.863333333,5.976666667,3.336666667
pgw06,a,pgwc06a2018,pgw,2018,none,none,1,1,0,NA,10,5.541666667,1.863333333,5.976666667,3.336666667
pgw06,b,pgwc06b2018,pgw,2018,none,none,0,0,0,NA,1,5.541666667,1.863333333,5.976666667,3.336666667
pgw06,c,pgwc06c2018,pgw,2018,none,none,0,1,0,NA,1,5.541666667,1.863333333,5.976666667,3.336666667
pgw06,d,pgwc06d2018,pgw,2018,none,none,10,0,0,NA,0,5.541666667,1.863333333,5.976666667,3.336666667
pgw07,a,pgwc07a2018,pgw,2018,none,none,0,2,0,NA,12,5.541666667,1.863333333,5.976666667,3.336666667
pgw07,b,pgwc07b2018,pgw,2018,none,none,4,0,0,NA,0,5.541666667,1.863333333,5.976666667,3.336666667
pgw07,c,pgwc07c2018,pgw,2018,none,none,0,1,1,NA,6,5.541666667,1.863333333,5.976666667,3.336666667
pgw07,d,pgwc07d2018,pgw,2018,none,none,1,0,1,NA,1,5.541666667,1.863333333,5.976666667,3.336666667
pgw08,a,pgwc08a2018,pgw,2018,none,none,0,0,0,NA,1,5.541666667,1.863333333,5.976666667,3.336666667
pgw08,b,pgwc08b2018,pgw,2018,none,none,0,0,0,NA,0,5.541666667,1.863333333,5.976666667,3.336666667
pgw08,c,pgwc08c2018,pgw,2018,none,none,0,0,0,NA,0,5.541666667,1.863333333,5.976666667,3.336666667
pgw08,d,pgwc08d2018,pgw,2018,none,none,2,0,0,NA,0,5.541666667,1.863333333,5.976666667,3.336666667
pgw09,a,pgwc09a2018,pgw,2018,none,none,0,0,0,NA,2,5.541666667,1.863333333,5.976666667,3.336666667
pgw09,b,pgwc09b2018,pgw,2018,none,none,0,0,0,NA,0,5.541666667,1.863333333,5.976666667,3.336666667
pgw09,c,pgwc09c2018,pgw,2018,none,none,0,0,0,NA,0,5.541666667,1.863333333,5.976666667,3.336666667
pgw09,d,pgwc09d2018,pgw,2018,none,none,0,0,1,NA,1,5.541666667,1.863333333,5.976666667,3.336666667
pgw10,a,pgwc10a2018,pgw,2018,none,none,2,0,0,NA,0,5.541666667,1.863333333,5.976666667,3.336666667
pgw10,b,pgwc10b2018,pgw,2018,none,none,6,1,2,NA,5,5.541666667,1.863333333,5.976666667,3.336666667
pgw10,c,pgwc10c2018,pgw,2018,none,none,1,1,0,NA,7,5.541666667,1.863333333,5.976666667,3.336666667
pgw10,d,pgwc10d2018,pgw,2018,none,none,1,1,0,NA,2,5.541666667,1.863333333,5.976666667,3.336666667
rc01,a,rcc01a2018,rc,2018,2012,none,0,0,0,NA,0,5.541666667,1.863333333,5.976666667,3.336666667
rc01,a,rcc01a2018,rc,2018,2017/2012,none,0,0,0,NA,0,5.541666667,1.863333333,5.976666667,3.336666667
rc01,b,rcc01b2018,rc,2018,2012,none,3,0,0,NA,3,5.541666667,1.863333333,5.976666667,3.336666667
rc01,b,rcc01b2018,rc,2018,2017/2012,none,3,0,0,NA,3,5.541666667,1.863333333,5.976666667,3.336666667
rc01,c,rcc01c2018,rc,2018,2012,none,0,0,0,NA,0,5.541666667,1.863333333,5.976666667,3.336666667
rc01,c,rcc01c2018,rc,2018,2017/2012,none,0,0,0,NA,0,5.541666667,1.863333333,5.976666667,3.336666667
rc01,d,rcc01d2018,rc,2018,2012,none,1,0,1,NA,2,5.541666667,1.863333333,5.976666667,3.336666667
rc01,d,rcc01d2018,rc,2018,2017/2012,none,1,0,1,NA,2,5.541666667,1.863333333,5.976666667,3.336666667
rc02,a,rcc02a2018,rc,2018,2012,none,1,0,0,NA,1,5.541666667,1.863333333,5.976666667,3.336666667
rc02,a,rcc02a2018,rc,2018,2017/2012,none,1,0,0,NA,1,5.541666667,1.863333333,5.976666667,3.336666667
rc02,b,rcc02b2018,rc,2018,2012,none,0,0,0,NA,0,5.541666667,1.863333333,5.976666667,3.336666667
rc02,b,rcc02b2018,rc,2018,2017/2012,none,0,0,0,NA,0,5.541666667,1.863333333,5.976666667,3.336666667
rc02,c,rcc02c2018,rc,2018,2012,none,0,0,0,NA,0,5.541666667,1.863333333,5.976666667,3.336666667
rc02,c,rcc02c2018,rc,2018,2017/2012,none,0,0,0,NA,0,5.541666667,1.863333333,5.976666667,3.336666667
rc02,d,rcc02d2018,rc,2018,2012,none,4,0,1,NA,5,5.541666667,1.863333333,5.976666667,3.336666667
rc02,d,rcc02d2018,rc,2018,2017/2012,none,4,0,1,NA,5,5.541666667,1.863333333,5.976666667,3.336666667
rc03,a,rcc03a2018,rc,2018,2012,none,0,0,0,NA,0,5.541666667,1.863333333,5.976666667,3.336666667
rc03,a,rcc03a2018,rc,2018,2017/2012,none,0,0,0,NA,0,5.541666667,1.863333333,5.976666667,3.336666667
rc03,b,rcc03b2018,rc,2018,2012,none,0,0,0,NA,0,5.541666667,1.863333333,5.976666667,3.336666667
rc03,b,rcc03b2018,rc,2018,2017/2012,none,0,0,0,NA,0,5.541666667,1.863333333,5.976666667,3.336666667
rc03,c,rcc03c2018,rc,2018,2012,none,2,0,0,NA,2,5.541666667,1.863333333,5.976666667,3.336666667
rc03,c,rcc03c2018,rc,2018,2017/2012,none,2,0,0,NA,2,5.541666667,1.863333333,5.976666667,3.336666667
rc03,d,rcc03d2018,rc,2018,2012,none,2,0,0,NA,2,5.541666667,1.863333333,5.976666667,3.336666667
rc03,d,rcc03d2018,rc,2018,2017/2012,none,2,0,0,NA,2,5.541666667,1.863333333,5.976666667,3.336666667
rc04,a,rcc04a2018,rc,2018,2012,none,5,0,1,NA,6,5.541666667,1.863333333,5.976666667,3.336666667
rc04,a,rcc04a2018,rc,2018,2017/2012,none,5,0,1,NA,6,5.541666667,1.863333333,5.976666667,3.336666667
rc04,b,rcc04b2018,rc,2018,2012,none,5,1,0,NA,6,5.541666667,1.863333333,5.976666667,3.336666667
rc04,b,rcc04b2018,rc,2018,2017/2012,none,5,1,0,NA,6,5.541666667,1.863333333,5.976666667,3.336666667
rc04,c,rcc04c2018,rc,2018,2012,none,6,0,1,NA,7,5.541666667,1.863333333,5.976666667,3.336666667
rc04,c,rcc04c2018,rc,2018,2017/2012,none,6,0,1,NA,7,5.541666667,1.863333333,5.976666667,3.336666667
rc04,d,rcc04d2018,rc,2018,2012,none,3,0,0,NA,3,5.541666667,1.863333333,5.976666667,3.336666667
rc04,d,rcc04d2018,rc,2018,2017/2012,none,3,0,0,NA,3,5.541666667,1.863333333,5.976666667,3.336666667
rc05,a,rcc05a2018,rc,2018,2012,none,1,0,0,NA,1,5.541666667,1.863333333,5.976666667,3.336666667
rc05,a,rcc05a2018,rc,2018,2017/2012,none,1,0,0,NA,1,5.541666667,1.863333333,5.976666667,3.336666667
rc05,b,rcc05b2018,rc,2018,2012,none,2.5,0,0,NA,2.5,5.541666667,1.863333333,5.976666667,3.336666667
rc05,b,rcc05b2018,rc,2018,2017/2012,none,2.5,0,0,NA,2.5,5.541666667,1.863333333,5.976666667,3.336666667
rc05,c,rcc05c2018,rc,2018,2012,none,2,1,1,NA,4,5.541666667,1.863333333,5.976666667,3.336666667
rc05,c,rcc05c2018,rc,2018,2017/2012,none,2,1,1,NA,4,5.541666667,1.863333333,5.976666667,3.336666667
rc05,d,rcc05d2018,rc,2018,2012,none,1,0,0,NA,1,5.541666667,1.863333333,5.976666667,3.336666667
rc05,d,rcc05d2018,rc,2018,2017/2012,none,1,0,0,NA,1,5.541666667,1.863333333,5.976666667,3.336666667
rc06,a,rcc06a2018,rc,2018,2012,none,1,0,0,NA,1,5.541666667,1.863333333,5.976666667,3.336666667
rc06,a,rcc06a2018,rc,2018,2017/2012,none,1,0,0,NA,1,5.541666667,1.863333333,5.976666667,3.336666667
rc06,b,rcc06b2018,rc,2018,2012,none,2,0,1,NA,3,5.541666667,1.863333333,5.976666667,3.336666667
rc06,b,rcc06b2018,rc,2018,2017/2012,none,2,0,1,NA,3,5.541666667,1.863333333,5.976666667,3.336666667
rc06,c,rcc06c2018,rc,2018,2012,none,4,0,0,NA,4,5.541666667,1.863333333,5.976666667,3.336666667
rc06,c,rcc06c2018,rc,2018,2017/2012,none,4,0,0,NA,4,5.541666667,1.863333333,5.976666667,3.336666667
rc06,d,rcc06d2018,rc,2018,2012,none,3,1,0,NA,4,5.541666667,1.863333333,5.976666667,3.336666667
rc06,d,rcc06d2018,rc,2018,2017/2012,none,3,1,0,NA,4,5.541666667,1.863333333,5.976666667,3.336666667
rc07,a,rcc07a2018,rc,2018,2012,none,2,0,0,NA,2,5.541666667,1.863333333,5.976666667,3.336666667
rc07,a,rcc07a2018,rc,2018,2017/2012,none,2,0,0,NA,2,5.541666667,1.863333333,5.976666667,3.336666667
rc07,b,rcc07b2018,rc,2018,2012,none,1,0,0,NA,1,5.541666667,1.863333333,5.976666667,3.336666667
rc07,b,rcc07b2018,rc,2018,2017/2012,none,1,0,0,NA,1,5.541666667,1.863333333,5.976666667,3.336666667
rc07,c,rcc07c2018,rc,2018,2012,none,,,,NA,0,5.541666667,1.863333333,5.976666667,3.336666667
rc07,c,rcc07c2018,rc,2018,2017/2012,none,,,,NA,0,5.541666667,1.863333333,5.976666667,3.336666667
rc07,d,rcc07d2018,rc,2018,2012,none,,,,NA,0,5.541666667,1.863333333,5.976666667,3.336666667
rc07,d,rcc07d2018,rc,2018,2017/2012,none,,,,NA,0,5.541666667,1.863333333,5.976666667,3.336666667
rc08,a,rcc08a2018,rc,2018,2012,none,,,,NA,0,5.541666667,1.863333333,5.976666667,3.336666667
rc08,a,rcc08a2018,rc,2018,2017/2012,none,,,,NA,0,5.541666667,1.863333333,5.976666667,3.336666667
rc08,b,rcc08b2018,rc,2018,2012,none,,,,NA,0,5.541666667,1.863333333,5.976666667,3.336666667
rc08,b,rcc08b2018,rc,2018,2017/2012,none,,,,NA,0,5.541666667,1.863333333,5.976666667,3.336666667
rc08,c,rcc08c2018,rc,2018,2012,none,,,,NA,0,5.541666667,1.863333333,5.976666667,3.336666667
rc08,c,rcc08c2018,rc,2018,2017/2012,none,,,,NA,0,5.541666667,1.863333333,5.976666667,3.336666667
rc08,d,rcc08d2018,rc,2018,2012,none,,,,NA,0,5.541666667,1.863333333,5.976666667,3.336666667
rc08,d,rcc08d2018,rc,2018,2017/2012,none,,,,NA,0,5.541666667,1.863333333,5.976666667,3.336666667
rc09,a,rcc09a2018,rc,2018,2012,none,,,,NA,0,5.541666667,1.863333333,5.976666667,3.336666667
rc09,a,rcc09a2018,rc,2018,2017/2012,none,,,,NA,0,5.541666667,1.863333333,5.976666667,3.336666667
rc09,b,rcc09b2018,rc,2018,2012,none,,,,NA,0,5.541666667,1.863333333,5.976666667,3.336666667
rc09,b,rcc09b2018,rc,2018,2017/2012,none,,,,NA,0,5.541666667,1.863333333,5.976666667,3.336666667
rc09,c,rcc09c2018,rc,2018,2012,none,,,,NA,0,5.541666667,1.863333333,5.976666667,3.336666667
rc09,c,rcc09c2018,rc,2018,2017/2012,none,,,,NA,0,5.541666667,1.863333333,5.976666667,3.336666667
rc09,d,rcc09d2018,rc,2018,2012,none,,,,NA,0,5.541666667,1.863333333,5.976666667,3.336666667
rc09,d,rcc09d2018,rc,2018,2017/2012,none,,,,NA,0,5.541666667,1.863333333,5.976666667,3.336666667
rc10,a,rcc10a2018,rc,2018,2012,none,,,,NA,0,5.541666667,1.863333333,5.976666667,3.336666667
rc10,a,rcc10a2018,rc,2018,2017/2012,none,,,,NA,0,5.541666667,1.863333333,5.976666667,3.336666667
rc10,b,rcc10b2018,rc,2018,2012,none,,,,NA,0,5.541666667,1.863333333,5.976666667,3.336666667
rc10,b,rcc10b2018,rc,2018,2017/2012,none,,,,NA,0,5.541666667,1.863333333,5.976666667,3.336666667
rc10,c,rcc10c2018,rc,2018,2012,none,,,,NA,0,5.541666667,1.863333333,5.976666667,3.336666667
rc10,c,rcc10c2018,rc,2018,2017/2012,none,,,,NA,0,5.541666667,1.863333333,5.976666667,3.336666667
rc10,d,rcc10d2018,rc,2018,2012,none,,,,NA,0,5.541666667,1.863333333,5.976666667,3.336666667
rc10,d,rcc10d2018,rc,2018,2017/2012,none,,,,NA,0,5.541666667,1.863333333,5.976666667,3.336666667
pge01,a,pge01a2019,pge,2019,2017,rx,20,5,4,NA,29,5.541666667,1.863333333,5.976666667,3.336666667
pge01,b,pge01b2019,pge,2019,2017,rx,1,1,3,NA,5,5.541666667,1.863333333,5.976666667,3.336666667
pge01,c,pge01c2019,pge,2019,2017,rx,5,5,30,NA,40,5.541666667,1.863333333,5.976666667,3.336666667
pge01,d,pge01d2019,pge,2019,2017,rx,0,4,0,NA,4,5.541666667,1.863333333,5.976666667,3.336666667
pge02,a,pge02a2019,pge,2019,2017,rx,2,0,1,NA,3,5.541666667,1.863333333,5.976666667,3.336666667
pge02,b,pge02b2019,pge,2019,2017,rx,1,0,2,NA,3,5.541666667,1.863333333,5.976666667,3.336666667
pge02,c,pge02c2019,pge,2019,2017,rx,5,2,9,NA,16,5.541666667,1.863333333,5.976666667,3.336666667
pge02,d,pge02d2019,pge,2019,2017,rx,4,0,0,NA,4,5.541666667,1.863333333,5.976666667,3.336666667
pge03,a,pge03a2019,pge,2019,2017,rx,0,0,1,NA,1,5.541666667,1.863333333,5.976666667,3.336666667
pge03,b,pge03b2019,pge,2019,2017,rx,1,0,1,NA,2,5.541666667,1.863333333,5.976666667,3.336666667
pge03,c,pge03c2019,pge,2019,2017,rx,1,0,1,NA,2,5.541666667,1.863333333,5.976666667,3.336666667
pge03,d,pge03d2019,pge,2019,2017,rx,1,1,1,NA,3,5.541666667,1.863333333,5.976666667,3.336666667
pge04,a,pge04a2019,pge,2019,2017,rx,3,3,10,NA,16,5.541666667,1.863333333,5.976666667,3.336666667
pge04,b,pge04b2019,pge,2019,2017,rx,0,0,3,NA,3,5.541666667,1.863333333,5.976666667,3.336666667
pge04,c,pge04c2019,pge,2019,2017,rx,1,0,5,NA,6,5.541666667,1.863333333,5.976666667,3.336666667
pge04,d,pge04d2019,pge,2019,2017,rx,1,1,6,NA,8,5.541666667,1.863333333,5.976666667,3.336666667
pge05,a,pge05a2019,pge,2019,2017,rx,1,1,40,NA,42,5.541666667,1.863333333,5.976666667,3.336666667
pge05,b,pge05b2019,pge,2019,2017,rx,1,0,5,NA,6,5.541666667,1.863333333,5.976666667,3.336666667
pge05,c,pge05c2019,pge,2019,2017,rx,0,0,0,NA,0,5.541666667,1.863333333,5.976666667,3.336666667
pge05,d,pge05d2019,pge,2019,2017,rx,1,1,1,NA,3,5.541666667,1.863333333,5.976666667,3.336666667
pge06,a,pge06a2019,pge,2019,2017,rx,1,1,8,NA,10,5.541666667,1.863333333,5.976666667,3.336666667
pge06,b,pge06b2019,pge,2019,2017,rx,1,0,1,NA,2,5.541666667,1.863333333,5.976666667,3.336666667
pge06,c,pge06c2019,pge,2019,2017,rx,1,2,5,NA,8,5.541666667,1.863333333,5.976666667,3.336666667
pge06,d,pge06d2019,pge,2019,2017,rx,0,10,3,NA,13,5.541666667,1.863333333,5.976666667,3.336666667
pge07,a,pge07a2019,pge,2019,2017,rx,0,0,1,NA,1,5.541666667,1.863333333,5.976666667,3.336666667
pge07,b,pge07b2019,pge,2019,2017,rx,2,0,5,NA,7,5.541666667,1.863333333,5.976666667,3.336666667
pge07,c,pge07c2019,pge,2019,2017,rx,0,0,3,NA,3,5.541666667,1.863333333,5.976666667,3.336666667
pge07,d,pge07d2019,pge,2019,2017,rx,1,0,4,NA,5,5.541666667,1.863333333,5.976666667,3.336666667
pge08,a,pge08a2019,pge,2019,2017,rx,10,5,40,NA,55,5.541666667,1.863333333,5.976666667,3.336666667
pge08,b,pge08b2019,pge,2019,2017,rx,1,0,0,NA,1,5.541666667,1.863333333,5.976666667,3.336666667
pge08,c,pge08c2019,pge,2019,2017,rx,60,1,5,NA,66,5.541666667,1.863333333,5.976666667,3.336666667
pge08,d,pge08d2019,pge,2019,2017,rx,55,2,1,NA,58,5.541666667,1.863333333,5.976666667,3.336666667
pge09,a,pge09a2019,pge,2019,2017,rx,2,0,3,NA,5,5.541666667,1.863333333,5.976666667,3.336666667
pge09,b,pge09b2019,pge,2019,2017,rx,10,0,1,NA,11,5.541666667,1.863333333,5.976666667,3.336666667
pge09,c,pge09c2019,pge,2019,2017,rx,6,1,20,NA,27,5.541666667,1.863333333,5.976666667,3.336666667
pge09,d,pge09d2019,pge,2019,2017,rx,4,2,8,NA,14,5.541666667,1.863333333,5.976666667,3.336666667
pge10,a,pge10a2019,pge,2019,2017,rx,30,10,1,NA,41,5.541666667,1.863333333,5.976666667,3.336666667
pge10,b,pge10b2019,pge,2019,2017,rx,5,0,15,NA,20,5.541666667,1.863333333,5.976666667,3.336666667
pge10,c,pge10c2019,pge,2019,2017,rx,85,1,0,NA,86,5.541666667,1.863333333,5.976666667,3.336666667
pge10,d,pge10d2019,pge,2019,2017,rx,40,1,10,NA,51,5.541666667,1.863333333,5.976666667,3.336666667
pgw01,a,pgw01a2019,pgw,2019,2017,rx,15,3,16,NA,34,5.541666667,1.863333333,5.976666667,3.336666667
pgw01,b,pgw01b2019,pgw,2019,2017,rx,4,1,2,NA,7,5.541666667,1.863333333,5.976666667,3.336666667
pgw01,c,pgw01c2019,pgw,2019,2017,rx,15,1,1,NA,17,5.541666667,1.863333333,5.976666667,3.336666667
pgw01,d,pgw01d2019,pgw,2019,2017,rx,2,1,5,NA,8,5.541666667,1.863333333,5.976666667,3.336666667
pgw02,a,pgw02a2019,pgw,2019,2017,rx,49,1,3,NA,53,5.541666667,1.863333333,5.976666667,3.336666667
pgw02,b,pgw02b2019,pgw,2019,2017,rx,8,0,10,NA,18,5.541666667,1.863333333,5.976666667,3.336666667
pgw02,c,pgw02c2019,pgw,2019,2017,rx,3,0,4,NA,7,5.541666667,1.863333333,5.976666667,3.336666667
pgw02,d,pgw02d2019,pgw,2019,2017,rx,1,1,0,NA,2,5.541666667,1.863333333,5.976666667,3.336666667
pgw03,a,pgw03a2019,pgw,2019,2017,rx,0,0,1,NA,1,5.541666667,1.863333333,5.976666667,3.336666667
pgw03,b,pgw03b2019,pgw,2019,2017,rx,0,0,1,NA,1,5.541666667,1.863333333,5.976666667,3.336666667
pgw03,c,pgw03c2019,pgw,2019,2017,rx,0,0,0,NA,0,5.541666667,1.863333333,5.976666667,3.336666667
pgw03,d,pgw03d2019,pgw,2019,2017,rx,NA,NA,NA,NA,0,5.541666667,1.863333333,5.976666667,3.336666667
pgw04,a,pgw04a2019,pgw,2019,2017,rx,1,1,1,NA,3,5.541666667,1.863333333,5.976666667,3.336666667
pgw04,b,pgw04b2019,pgw,2019,2017,rx,37,3,1,NA,41,5.541666667,1.863333333,5.976666667,3.336666667
pgw04,c,pgw04c2019,pgw,2019,2017,rx,1,0,29,NA,30,5.541666667,1.863333333,5.976666667,3.336666667
pgw04,d,pgw04d2019,pgw,2019,2017,rx,0,0,10,NA,10,5.541666667,1.863333333,5.976666667,3.336666667
pgw05,a,pgw05a2019,pgw,2019,2017,rx,0,0,0,NA,0,5.541666667,1.863333333,5.976666667,3.336666667
pgw05,b,pgw05b2019,pgw,2019,2017,rx,10,0,0,NA,10,5.541666667,1.863333333,5.976666667,3.336666667
pgw05,c,pgw05c2019,pgw,2019,2017,rx,1,1,1,NA,3,5.541666667,1.863333333,5.976666667,3.336666667
pgw05,d,pgw05d2019,pgw,2019,2017,rx,0,0,0,NA,0,5.541666667,1.863333333,5.976666667,3.336666667
pgw06,a,pgw06a2019,pgw,2019,2017,rx,4,0,0,NA,4,5.541666667,1.863333333,5.976666667,3.336666667
pgw06,b,pgw06b2019,pgw,2019,2017,rx,0,0,0,NA,0,5.541666667,1.863333333,5.976666667,3.336666667
pgw06,c,pgw06c2019,pgw,2019,2017,rx,3,0,1,NA,4,5.541666667,1.863333333,5.976666667,3.336666667
pgw06,d,pgw06d2019,pgw,2019,2017,rx,15,0,1,NA,16,5.541666667,1.863333333,5.976666667,3.336666667
pgw07,a,pgw07a2019,pgw,2019,2017,rx,4,1,1,NA,6,5.541666667,1.863333333,5.976666667,3.336666667
pgw07,b,pgw07b2019,pgw,2019,2017,rx,1,1,0,NA,2,5.541666667,1.863333333,5.976666667,3.336666667
pgw07,c,pgw07c2019,pgw,2019,2017,rx,2,1,2,NA,5,5.541666667,1.863333333,5.976666667,3.336666667
pgw07,d,pgw07d2019,pgw,2019,2017,rx,2,1,0,NA,3,5.541666667,1.863333333,5.976666667,3.336666667
pgw08,a,pgw08a2019,pgw,2019,2017,rx,5,25,0,NA,30,5.541666667,1.863333333,5.976666667,3.336666667
pgw08,b,pgw08b2019,pgw,2019,2017,rx,20,25,0,NA,45,5.541666667,1.863333333,5.976666667,3.336666667
pgw08,c,pgw08c2019,pgw,2019,2017,rx,20,1,10,NA,31,5.541666667,1.863333333,5.976666667,3.336666667
pgw08,d,pgw08d2019,pgw,2019,2017,rx,35,55,5,NA,95,5.541666667,1.863333333,5.976666667,3.336666667
pgw09,a,pgw09a2019,pgw,2019,2017,rx,1,0,0,NA,1,5.541666667,1.863333333,5.976666667,3.336666667
pgw09,b,pgw09b2019,pgw,2019,2017,rx,3,1,1,NA,5,5.541666667,1.863333333,5.976666667,3.336666667
pgw09,c,pgw09c2019,pgw,2019,2017,rx,1,0,0,NA,1,5.541666667,1.863333333,5.976666667,3.336666667
pgw09,d,pgw09d2019,pgw,2019,2017,rx,1,0,0,NA,1,5.541666667,1.863333333,5.976666667,3.336666667
pgw10,a,pgw10a2019,pgw,2019,2017,rx,50,1,4,NA,55,5.541666667,1.863333333,5.976666667,3.336666667
pgw10,b,pgw10b2019,pgw,2019,2017,rx,40,5,0,NA,45,5.541666667,1.863333333,5.976666667,3.336666667
pgw10,c,pgw10c2019,pgw,2019,2017,rx,30,10,0,NA,40,5.541666667,1.863333333,5.976666667,3.336666667
pgw10,d,pgw10d2019,pgw,2019,2017,rx,60,10,1,NA,71,5.541666667,1.863333333,5.976666667,3.336666667
rc01,a,rcb01a2019,rc,2019,2017/2012,rx/wild,10,1,5,NA,16,5.541666667,1.863333333,5.976666667,3.336666667
rc01,b,rcb01b2019,rc,2019,2017/2012,rx/wild,25,1,20,NA,46,5.541666667,1.863333333,5.976666667,3.336666667
rc01,c,rcb01c2019,rc,2019,2017/2012,rx/wild,10,1,5,NA,16,5.541666667,1.863333333,5.976666667,3.336666667
rc01,d,rcb01d2019,rc,2019,2017/2012,rx/wild,40,0,4,NA,44,5.541666667,1.863333333,5.976666667,3.336666667
rc02,a,rcb02a2019,rc,2019,2017/2012,rx/wild,45,0,3,NA,48,5.541666667,1.863333333,5.976666667,3.336666667
rc02,b,rcb02b2019,rc,2019,2017/2012,rx/wild,10,1,20,NA,31,5.541666667,1.863333333,5.976666667,3.336666667
rc03,c,rcb03c2019,rc,2019,2017/2012,rx/wild,20,1,10,NA,31,5.541666667,1.863333333,5.976666667,3.336666667
rc03,d,rcb03d2019,rc,2019,2017/2012,rx/wild,60,2,1,NA,63,5.541666667,1.863333333,5.976666667,3.336666667
rc03,a,rcb03a2019,rc,2019,2017/2012,rx/wild,45,1,0,NA,46,5.541666667,1.863333333,5.976666667,3.336666667
rc03,b,rcb03b2019,rc,2019,2017/2012,rx/wild,0,0,1,NA,1,5.541666667,1.863333333,5.976666667,3.336666667
rc04,c,rcb04c2019,rc,2019,2017/2012,rx/wild,2,1,7,NA,10,5.541666667,1.863333333,5.976666667,3.336666667
rc04,d,rcb04d2019,rc,2019,2017/2012,rx/wild,50,1,5,NA,56,5.541666667,1.863333333,5.976666667,3.336666667
rc04,a,rcb04a2019,rc,2019,2017/2012,rx/wild,1,0,2,NA,3,5.541666667,1.863333333,5.976666667,3.336666667
rc04,b,rcb04b2019,rc,2019,2017/2012,rx/wild,8,2,0,NA,10,5.541666667,1.863333333,5.976666667,3.336666667
rc05,c,rcb05c2019,rc,2019,2017/2012,rx/wild,0,0,2,NA,2,5.541666667,1.863333333,5.976666667,3.336666667
rc05,d,rcb05d2019,rc,2019,2017/2012,rx/wild,0,0,4,NA,4,5.541666667,1.863333333,5.976666667,3.336666667
rc05,a,rcb05a2019,rc,2019,2017/2012,rx/wild,0,0,1,NA,1,5.541666667,1.863333333,5.976666667,3.336666667
rc05,b,rcb05b2019,rc,2019,2017/2012,rx/wild,1,1,5,NA,7,5.541666667,1.863333333,5.976666667,3.336666667
rc06,c,rcb06c2019,rc,2019,2017/2012,rx/wild,0,1,16,NA,17,5.541666667,1.863333333,5.976666667,3.336666667
rc06,d,rcb06d2019,rc,2019,2017/2012,rx/wild,30,1,1,NA,32,5.541666667,1.863333333,5.976666667,3.336666667
rc06,a,rcb06a2019,rc,2019,2017/2012,rx/wild,0,0,0,NA,0,5.541666667,1.863333333,5.976666667,3.336666667
rc06,b,rcb06b2019,rc,2019,2017/2012,rx/wild,1,1,0,NA,2,5.541666667,1.863333333,5.976666667,3.336666667
rc07,c,rcb07c2019,rc,2019,2017/2012,rx/wild,30,10,2,NA,42,5.541666667,1.863333333,5.976666667,3.336666667
rc07,d,rcb07d2019,rc,2019,2017/2012,rx/wild,0,0,1,NA,1,5.541666667,1.863333333,5.976666667,3.336666667
rc07,a,rcb07a2019,rc,2019,2017/2012,rx/wild,4,0,15,NA,19,5.541666667,1.863333333,5.976666667,3.336666667
rc07,b,rcb07b2019,rc,2019,2017/2012,rx/wild,4,0,1,NA,5,5.541666667,1.863333333,5.976666667,3.336666667
rc08,c,rcb08c2019,rc,2019,2017/2012,rx/wild,5,5,1,NA,11,5.541666667,1.863333333,5.976666667,3.336666667
rc08,d,rcb08d2019,rc,2019,2017/2012,rx/wild,1,0,10,NA,11,5.541666667,1.863333333,5.976666667,3.336666667
rc08,a,rcb08a2019,rc,2019,2017/2012,rx/wild,0,15,5,NA,20,5.541666667,1.863333333,5.976666667,3.336666667
rc08,b,rcb08b2019,rc,2019,2017/2012,rx/wild,1,1,5,NA,7,5.541666667,1.863333333,5.976666667,3.336666667
rc09,c,rcb09c2019,rc,2019,2017/2012,rx/wild,3,5,50,NA,58,5.541666667,1.863333333,5.976666667,3.336666667
rc09,d,rcb09d2019,rc,2019,2017/2012,rx/wild,2,5,0,NA,7,5.541666667,1.863333333,5.976666667,3.336666667
rc09,a,rcb09a2019,rc,2019,2017/2012,rx/wild,0,0,0,NA,0,5.541666667,1.863333333,5.976666667,3.336666667
rc09,b,rcb09b2019,rc,2019,2017/2012,rx/wild,1,0,2,NA,3,5.541666667,1.863333333,5.976666667,3.336666667
rc10,c,rcb10c2019,rc,2019,2017/2012,rx/wild,1,0,0,NA,1,5.541666667,1.863333333,5.976666667,3.336666667
rc10,d,rcb10d2019,rc,2019,2017/2012,rx/wild,10,0,0,NA,10,5.541666667,1.863333333,5.976666667,3.336666667
pge01,a,pgec01a2019,pge,2019,none,none,0,20,1,NA,21,5.541666667,1.863333333,5.976666667,3.336666667
pge01,b,pgec01b2019,pge,2019,none,none,2,1,0,NA,3,5.541666667,1.863333333,5.976666667,3.336666667
pge01,c,pgec01c2019,pge,2019,none,none,0,40,6,NA,46,5.541666667,1.863333333,5.976666667,3.336666667
pge01,d,pgec01d2019,pge,2019,none,none,1,1,4,NA,6,5.541666667,1.863333333,5.976666667,3.336666667
pge02,a,pgec02a2019,pge,2019,none,none,5,1,0,NA,6,5.541666667,1.863333333,5.976666667,3.336666667
pge02,b,pgec02b2019,pge,2019,none,none,1,1,4,NA,6,5.541666667,1.863333333,5.976666667,3.336666667
pge02,c,pgec02c2019,pge,2019,none,none,0,1,0,NA,1,5.541666667,1.863333333,5.976666667,3.336666667
pge02,d,pgec02d2019,pge,2019,none,none,1,1,0,NA,2,5.541666667,1.863333333,5.976666667,3.336666667
pge03,a,pgec03a2019,pge,2019,none,none,2,2,1,NA,5,5.541666667,1.863333333,5.976666667,3.336666667
pge03,b,pgec03b2019,pge,2019,none,none,3,1,0,NA,4,5.541666667,1.863333333,5.976666667,3.336666667
pge03,c,pgec03c2019,pge,2019,none,none,0,0,1,NA,1,5.541666667,1.863333333,5.976666667,3.336666667
pge03,d,pgec03d2019,pge,2019,none,none,3,0,1,NA,4,5.541666667,1.863333333,5.976666667,3.336666667
pge04,a,pgec04a2019,pge,2019,none,none,0,0,0,NA,0,5.541666667,1.863333333,5.976666667,3.336666667
pge04,b,pgec04b2019,pge,2019,none,none,0,0,0,NA,0,5.541666667,1.863333333,5.976666667,3.336666667
pge04,c,pgec04c2019,pge,2019,none,none,0,0,0,NA,0,5.541666667,1.863333333,5.976666667,3.336666667
pge04,d,pgec04d2019,pge,2019,none,none,0,0,0,NA,0,5.541666667,1.863333333,5.976666667,3.336666667
pge05,a,pgec05a2019,pge,2019,none,none,0,0,0,NA,0,5.541666667,1.863333333,5.976666667,3.336666667
pge05,b,pgec05b2019,pge,2019,none,none,0,0,1,NA,1,5.541666667,1.863333333,5.976666667,3.336666667
pge05,c,pgec05c2019,pge,2019,none,none,0,0,0,NA,0,5.541666667,1.863333333,5.976666667,3.336666667
pge05,d,pgec05d2019,pge,2019,none,none,0,0,1,NA,1,5.541666667,1.863333333,5.976666667,3.336666667
pge06,a,pgec06a2019,pge,2019,none,none,0,0,0,NA,0,5.541666667,1.863333333,5.976666667,3.336666667
pge06,b,pgec06b2019,pge,2019,none,none,0,0,1,NA,1,5.541666667,1.863333333,5.976666667,3.336666667
pge06,c,pgec06c2019,pge,2019,none,none,1,0,0,NA,1,5.541666667,1.863333333,5.976666667,3.336666667
pge06,d,pgec06d2019,pge,2019,none,none,1,0,1,NA,2,5.541666667,1.863333333,5.976666667,3.336666667
pge07,a,pgec07a2019,pge,2019,none,none,25,1,0,NA,26,5.541666667,1.863333333,5.976666667,3.336666667
pge07,b,pgec07b2019,pge,2019,none,none,0,1,0,NA,1,5.541666667,1.863333333,5.976666667,3.336666667
pge07,c,pgec07c2019,pge,2019,none,none,0,0,0,NA,0,5.541666667,1.863333333,5.976666667,3.336666667
pge07,d,pgec07d2019,pge,2019,none,none,0,0,0,NA,0,5.541666667,1.863333333,5.976666667,3.336666667
pge08,a,pgec08a2019,pge,2019,none,none,0,1,0,NA,1,5.541666667,1.863333333,5.976666667,3.336666667
pge08,b,pgec08b2019,pge,2019,none,none,10,0,0,NA,10,5.541666667,1.863333333,5.976666667,3.336666667
pge08,c,pgec08c2019,pge,2019,none,none,1,0,1,NA,2,5.541666667,1.863333333,5.976666667,3.336666667
pge08,d,pgec08d2019,pge,2019,none,none,1,0,1,NA,2,5.541666667,1.863333333,5.976666667,3.336666667
pge09,a,pgec09a2019,pge,2019,none,none,0,0,0,NA,0,5.541666667,1.863333333,5.976666667,3.336666667
pge09,b,pgec09b2019,pge,2019,none,none,0,0,0,NA,0,5.541666667,1.863333333,5.976666667,3.336666667
pge09,c,pgec09c2019,pge,2019,none,none,0,0,0,NA,0,5.541666667,1.863333333,5.976666667,3.336666667
pge09,d,pgec09d2019,pge,2019,none,none,0,0,0,NA,0,5.541666667,1.863333333,5.976666667,3.336666667
pge10,a,pgec10a2019,pge,2019,none,none,1,1,1,NA,3,5.541666667,1.863333333,5.976666667,3.336666667
pge10,b,pgec10b2019,pge,2019,none,none,1,0,0,NA,1,5.541666667,1.863333333,5.976666667,3.336666667
pge10,c,pgec10c2019,pge,2019,none,none,0,0,0,NA,0,5.541666667,1.863333333,5.976666667,3.336666667
pge10,d,pgec10d2019,pge,2019,none,none,1,0,0,NA,1,5.541666667,1.863333333,5.976666667,3.336666667
pgw01,a,pgwc01a2019,pgw,2019,none,none,0,0,0,NA,0,5.541666667,1.863333333,5.976666667,3.336666667
pgw01,b,pgwc01b2019,pgw,2019,none,none,1,0,1,NA,2,5.541666667,1.863333333,5.976666667,3.336666667
pgw01,c,pgwc01c2019,pgw,2019,none,none,1,2,0,NA,3,5.541666667,1.863333333,5.976666667,3.336666667
pgw01,d,pgwc01d2019,pgw,2019,none,none,1,1,0,NA,2,5.541666667,1.863333333,5.976666667,3.336666667
pgw02,a,pgwc02a2019,pgw,2019,none,none,1,0,0,NA,1,5.541666667,1.863333333,5.976666667,3.336666667
pgw02,b,pgwc02b2019,pgw,2019,none,none,0,0,0,NA,0,5.541666667,1.863333333,5.976666667,3.336666667
pgw02,c,pgwc02c2019,pgw,2019,none,none,0,0,5,NA,5,5.541666667,1.863333333,5.976666667,3.336666667
pgw02,d,pgwc02d2019,pgw,2019,none,none,1,0,1,NA,2,5.541666667,1.863333333,5.976666667,3.336666667
pgw03,a,pgwc03a2019,pgw,2019,none,none,0,0,0,NA,0,5.541666667,1.863333333,5.976666667,3.336666667
pgw03,b,pgwc03b2019,pgw,2019,none,none,0,0,0,NA,0,5.541666667,1.863333333,5.976666667,3.336666667
pgw03,c,pgwc03c2019,pgw,2019,none,none,0,0,0,NA,0,5.541666667,1.863333333,5.976666667,3.336666667
pgw03,d,pgwc03d2019,pgw,2019,none,none,0,0,0,NA,0,5.541666667,1.863333333,5.976666667,3.336666667
pgw04,a,pgwc04a2019,pgw,2019,none,none,5,0,0,NA,5,5.541666667,1.863333333,5.976666667,3.336666667
pgw04,b,pgwc04b2019,pgw,2019,none,none,6,10,2,NA,18,5.541666667,1.863333333,5.976666667,3.336666667
pgw04,c,pgwc04c2019,pgw,2019,none,none,0,0,0,NA,0,5.541666667,1.863333333,5.976666667,3.336666667
pgw04,d,pgwc04d2019,pgw,2019,none,none,2,2,0,NA,4,5.541666667,1.863333333,5.976666667,3.336666667
pgw05,a,pgwc05a2019,pgw,2019,none,none,1,0,0,NA,1,5.541666667,1.863333333,5.976666667,3.336666667
pgw05,b,pgwc05b2019,pgw,2019,none,none,2,0,1,NA,3,5.541666667,1.863333333,5.976666667,3.336666667
pgw05,c,pgwc05c2019,pgw,2019,none,none,1,6,0,NA,7,5.541666667,1.863333333,5.976666667,3.336666667
pgw05,d,pgwc05d2019,pgw,2019,none,none,4,1,0,NA,5,5.541666667,1.863333333,5.976666667,3.336666667
pgw06,a,pgwc06a2019,pgw,2019,none,none,0,0,0,NA,0,5.541666667,1.863333333,5.976666667,3.336666667
pgw06,b,pgwc06b2019,pgw,2019,none,none,5,0,0,NA,5,5.541666667,1.863333333,5.976666667,3.336666667
pgw06,c,pgwc06c2019,pgw,2019,none,none,0,0,0,NA,0,5.541666667,1.863333333,5.976666667,3.336666667
pgw06,d,pgwc06d2019,pgw,2019,none,none,30,1,0,NA,31,5.541666667,1.863333333,5.976666667,3.336666667
pgw07,a,pgwc07a2019,pgw,2019,none,none,0,0,0,NA,0,5.541666667,1.863333333,5.976666667,3.336666667
pgw07,b,pgwc07b2019,pgw,2019,none,none,2,0,0,NA,2,5.541666667,1.863333333,5.976666667,3.336666667
pgw07,c,pgwc07c2019,pgw,2019,none,none,2,1,0,NA,3,5.541666667,1.863333333,5.976666667,3.336666667
pgw07,d,pgwc07d2019,pgw,2019,none,none,1,0,1,NA,2,5.541666667,1.863333333,5.976666667,3.336666667
pgw08,a,pgwc08a2019,pgw,2019,none,none,0,0,0,NA,0,5.541666667,1.863333333,5.976666667,3.336666667
pgw08,b,pgwc08b2019,pgw,2019,none,none,0,0,0,NA,0,5.541666667,1.863333333,5.976666667,3.336666667
pgw08,c,pgwc08c2019,pgw,2019,none,none,0,0,1,NA,1,5.541666667,1.863333333,5.976666667,3.336666667
pgw08,d,pgwc08d2019,pgw,2019,none,none,0,0,0,NA,0,5.541666667,1.863333333,5.976666667,3.336666667
pgw09,a,pgwc09a2019,pgw,2019,none,none,0,0,0,NA,0,5.541666667,1.863333333,5.976666667,3.336666667
pgw09,b,pgwc09b2019,pgw,2019,none,none,5,0,0,NA,5,5.541666667,1.863333333,5.976666667,3.336666667
pgw09,c,pgwc09c2019,pgw,2019,none,none,2,0,2,NA,4,5.541666667,1.863333333,5.976666667,3.336666667
pgw09,d,pgwc09d2019,pgw,2019,none,none,0,0,1,NA,1,5.541666667,1.863333333,5.976666667,3.336666667
pgw10,a,pgwc10a2019,pgw,2019,none,none,0,0,0,NA,0,5.541666667,1.863333333,5.976666667,3.336666667
pgw10,b,pgwc10b2019,pgw,2019,none,none,0,0,0,NA,0,5.541666667,1.863333333,5.976666667,3.336666667
pgw10,c,pgwc10c2019,pgw,2019,none,none,0,0,0,NA,0,5.541666667,1.863333333,5.976666667,3.336666667
pgw10,d,pgwc10d2019,pgw,2019,none,none,0,0,0,NA,0,5.541666667,1.863333333,5.976666667,3.336666667
rc01,a,rcc01a2019,rc,2019,2017/2012,none,0,0,0,NA,0,5.541666667,1.863333333,5.976666667,3.336666667
rc01,b,rcc01b2019,rc,2019,2017/2012,none,5,1,2,NA,8,5.541666667,1.863333333,5.976666667,3.336666667
rc01,c,rcc01c2019,rc,2019,2017/2012,none,15,0,0,NA,15,5.541666667,1.863333333,5.976666667,3.336666667
rc01,d,rcc01d2019,rc,2019,2017/2012,none,0,0,0,NA,0,5.541666667,1.863333333,5.976666667,3.336666667
rc01,a,rcc01a2019,rc,2019,2017/2012,none,1,5,0,NA,6,5.541666667,1.863333333,5.976666667,3.336666667
rc01,b,rcc01b2019,rc,2019,2017/2012,none,0,0,0,NA,0,5.541666667,1.863333333,5.976666667,3.336666667
rc01,c,rcc01c2019,rc,2019,2017/2012,none,1,0,1,NA,2,5.541666667,1.863333333,5.976666667,3.336666667
rc01,d,rcc01d2019,rc,2019,2017/2012,none,1,1,1,NA,3,5.541666667,1.863333333,5.976666667,3.336666667
rc02,a,rcc02a2019,rc,2019,2017/2012,none,2,0,1,NA,3,5.541666667,1.863333333,5.976666667,3.336666667
rc02,b,rcc02b2019,rc,2019,2017/2012,none,1,0,2,NA,3,5.541666667,1.863333333,5.976666667,3.336666667
rc02,c,rcc02c2019,rc,2019,2017/2012,none,1,1,2,NA,4,5.541666667,1.863333333,5.976666667,3.336666667
rc02,d,rcc02d2019,rc,2019,2017/2012,none,1,1,2,NA,4,5.541666667,1.863333333,5.976666667,3.336666667
rc02,a,rcc02a2019,rc,2019,2017/2012,none,0,0,1,NA,1,5.541666667,1.863333333,5.976666667,3.336666667
rc02,b,rcc02b2019,rc,2019,2017/2012,none,0,0,1,NA,1,5.541666667,1.863333333,5.976666667,3.336666667
rc02,c,rcc02c2019,rc,2019,2017/2012,none,2,1,0,NA,3,5.541666667,1.863333333,5.976666667,3.336666667
rc02,d,rcc02d2019,rc,2019,2017/2012,none,0,0,0,NA,0,5.541666667,1.863333333,5.976666667,3.336666667
rc03,a,rcc03a2019,rc,2019,2017/2012,none,6,1,4,NA,11,5.541666667,1.863333333,5.976666667,3.336666667
rc03,b,rcc03b2019,rc,2019,2017/2012,none,0,0,0,NA,0,5.541666667,1.863333333,5.976666667,3.336666667
rc03,c,rcc03c2019,rc,2019,2017/2012,none,3,1,1,NA,5,5.541666667,1.863333333,5.976666667,3.336666667
rc03,d,rcc03d2019,rc,2019,2017/2012,none,0,0,0,NA,0,5.541666667,1.863333333,5.976666667,3.336666667
rc03,a,rcc03a2019,rc,2019,2017/2012,none,0,0,0,NA,0,5.541666667,1.863333333,5.976666667,3.336666667
rc03,b,rcc03b2019,rc,2019,2017/2012,none,2,5,0,NA,7,5.541666667,1.863333333,5.976666667,3.336666667
rc03,c,rcc03c2019,rc,2019,2017/2012,none,2,0,1,NA,3,5.541666667,1.863333333,5.976666667,3.336666667
rc03,d,rcc03d2019,rc,2019,2017/2012,none,16,1,0,NA,17,5.541666667,1.863333333,5.976666667,3.336666667
rc04,a,rcc04a2019,rc,2019,2017/2012,none,0,0,0,NA,0,5.541666667,1.863333333,5.976666667,3.336666667
rc04,b,rcc04b2019,rc,2019,2017/2012,none,0,0,0,NA,0,5.541666667,1.863333333,5.976666667,3.336666667
rc04,c,rcc04c2019,rc,2019,2017/2012,none,1,0,0,NA,1,5.541666667,1.863333333,5.976666667,3.336666667
rc04,d,rcc04d2019,rc,2019,2017/2012,none,0,1,1,NA,2,5.541666667,1.863333333,5.976666667,3.336666667
rc04,a,rcc04a2019,rc,2019,2017/2012,none,0,0,0,NA,0,5.541666667,1.863333333,5.976666667,3.336666667
rc04,b,rcc04b2019,rc,2019,2017/2012,none,0,0,1,NA,1,5.541666667,1.863333333,5.976666667,3.336666667
rc04,c,rcc04c2019,rc,2019,2017/2012,none,1,0,0,NA,1,5.541666667,1.863333333,5.976666667,3.336666667
rc04,d,rcc04d2019,rc,2019,2017/2012,none,0,0,0,NA,0,5.541666667,1.863333333,5.976666667,3.336666667
rc05,a,rcc05a2019,rc,2019,2017/2012,none,1,0,0,NA,1,5.541666667,1.863333333,5.976666667,3.336666667
rc05,b,rcc05b2019,rc,2019,2017/2012,none,0,0,0,NA,0,5.541666667,1.863333333,5.976666667,3.336666667
rc05,c,rcc05c2019,rc,2019,2017/2012,none,1,0,1,NA,2,5.541666667,1.863333333,5.976666667,3.336666667
rc05,d,rcc05d2019,rc,2019,2017/2012,none,1,0,1,NA,2,5.541666667,1.863333333,5.976666667,3.336666667
rc05,a,rcc05a2019,rc,2019,2017/2012,none,1,0,0,NA,1,5.541666667,1.863333333,5.976666667,3.336666667
rc05,b,rcc05b2019,rc,2019,2017/2012,none,1,1,0,NA,2,5.541666667,1.863333333,5.976666667,3.336666667
rc05,c,rcc05c2019,rc,2019,2017/2012,none,0,0,1,NA,1,5.541666667,1.863333333,5.976666667,3.336666667
rc05,d,rcc05d2019,rc,2019,2017/2012,none,25,0,0,NA,25,5.541666667,1.863333333,5.976666667,3.336666667
rc06,a,rcc06a2020,rc,2020,2017/2012,none,0,2,0,0,2,5.541666667,1.863333333,5.976666667,3.336666667
rc06,b,rcc06b2020,rc,2020,2017/2012,none,0,9,0,0,9,5.541666667,1.863333333,5.976666667,3.336666667
rc06,c,rcc06c2020,rc,2020,2017/2012,none,0,0,0,0,0,5.541666667,1.863333333,5.976666667,3.336666667
rc06,d,rcc06d2020,rc,2020,2017/2012,none,0,16,0,0,16,5.541666667,1.863333333,5.976666667,3.336666667
rc06,a,rcc06a2020,rc,2020,2017/2012,none,0,0,0,6,6,5.541666667,1.863333333,5.976666667,3.336666667
rc06,b,rcc06b2020,rc,2020,2017/2012,none,0,0,0,0,0,5.541666667,1.863333333,5.976666667,3.336666667
rc06,c,rcc06c2020,rc,2020,2017/2012,none,0,0,0,5,5,5.541666667,1.863333333,5.976666667,3.336666667
rc06,d,rcc06d2020,rc,2020,2017/2012,none,2,0,0,0,2,5.541666667,1.863333333,5.976666667,3.336666667
rc07,a,rcc07a2020,rc,2020,2017/2012,none,0,0,0,0,0,5.541666667,1.863333333,5.976666667,3.336666667
rc07,b,rcc07b2020,rc,2020,2017/2012,none,0,0,0,0,0,5.541666667,1.863333333,5.976666667,3.336666667
rc07,c,rcc07c2020,rc,2020,2017/2012,none,0,0,0,0,0,5.541666667,1.863333333,5.976666667,3.336666667
rc07,d,rcc07d2020,rc,2020,2017/2012,none,0,33,0,0,33,5.541666667,1.863333333,5.976666667,3.336666667
rc07,a,rcc07a2020,rc,2020,2017/2012,none,0,2,2,2,6,5.541666667,1.863333333,5.976666667,3.336666667
rc07,b,rcc07b2020,rc,2020,2017/2012,none,1,0,1,0,2,5.541666667,1.863333333,5.976666667,3.336666667
rc07,c,rcc07c2020,rc,2020,2017/2012,none,0,0,0,0,0,5.541666667,1.863333333,5.976666667,3.336666667
rc07,d,rcc07d2020,rc,2020,2017/2012,none,0,0,2,6,8,5.541666667,1.863333333,5.976666667,3.336666667
rc08,a,rcc08a2020,rc,2020,2017/2012,none,0,0,2,30,32,5.541666667,1.863333333,5.976666667,3.336666667
rc08,b,rcc08b2020,rc,2020,2017/2012,none,0,0,0,8,8,5.541666667,1.863333333,5.976666667,3.336666667
rc08,c,rcc08c2020,rc,2020,2017/2012,none,0,0,0,0,0,5.541666667,1.863333333,5.976666667,3.336666667
rc08,d,rcc08d2020,rc,2020,2017/2012,none,0,0,0,88,88,5.541666667,1.863333333,5.976666667,3.336666667
rc08,a,rcc08a2020,rc,2020,2017/2012,none,0,0,0,0,0,5.541666667,1.863333333,5.976666667,3.336666667
rc08,b,rcc08b2020,rc,2020,2017/2012,none,0,1,1,0,2,5.541666667,1.863333333,5.976666667,3.336666667
rc08,c,rcc08c2020,rc,2020,2017/2012,none,0,4,0,0,4,5.541666667,1.863333333,5.976666667,3.336666667
rc08,d,rcc08d2020,rc,2020,2017/2012,none,9,2,2,0,13,5.541666667,1.863333333,5.976666667,3.336666667
rc09,a,rcc09a2020,rc,2020,2017/2012,none,0,0,2,0,2,5.541666667,1.863333333,5.976666667,3.336666667
rc09,b,rcc09b2020,rc,2020,2017/2012,none,0,0,0,68,68,5.541666667,1.863333333,5.976666667,3.336666667
rc09,c,rcc09c2020,rc,2020,2017/2012,none,0,0,10,5,15,5.541666667,1.863333333,5.976666667,3.336666667
rc09,d,rcc09d2020,rc,2020,2017/2012,none,0,0,0,32,32,5.541666667,1.863333333,5.976666667,3.336666667
rc09,a,rcc09a2020,rc,2020,2017/2012,none,0,6,25,10,41,5.541666667,1.863333333,5.976666667,3.336666667
rc09,b,rcc09b2020,rc,2020,2017/2012,none,0,2,2,0,4,5.541666667,1.863333333,5.976666667,3.336666667
rc09,c,rcc09c2020,rc,2020,2017/2012,none,0,0,24,10,34,5.541666667,1.863333333,5.976666667,3.336666667
rc09,d,rcc09d2020,rc,2020,2017/2012,none,0,0,0,75,75,5.541666667,1.863333333,5.976666667,3.336666667
rc10,a,rcc10a2020,rc,2020,2017/2012,none,30,4,10,0,44,5.541666667,1.863333333,5.976666667,3.336666667
rc10,b,rcc10b2020,rc,2020,2017/2012,none,18,4,2,0,24,5.541666667,1.863333333,5.976666667,3.336666667
rc10,c,rcc10c2020,rc,2020,2017/2012,none,50,0,5,0,55,5.541666667,1.863333333,5.976666667,3.336666667
rc10,d,rcc10d2020,rc,2020,2017/2012,none,25,0,5,0,30,5.541666667,1.863333333,5.976666667,3.336666667
rc10,a,rcc10a2020,rc,2020,2017/2012,none,10,1,2,0,13,5.541666667,1.863333333,5.976666667,3.336666667
rc10,b,rcc10b2020,rc,2020,2017/2012,none,0,5,29,0,34,5.541666667,1.863333333,5.976666667,3.336666667
rc10,c,rcc10c2020,rc,2020,2017/2012,none,0,8,0,88,96,5.541666667,1.863333333,5.976666667,3.336666667
rc10,d,rcc10d2020,rc,2020,2017/2012,none,6,1,1,0,8,5.541666667,1.863333333,5.976666667,3.336666667
pge01,a,pgec01a2020,pge,2020,2017,none,0,0,0,0,0,5.541666667,1.863333333,5.976666667,3.336666667
pge01,b,pgec01b2020,pge,2020,2017,none,0,0,0,0,0,5.541666667,1.863333333,5.976666667,3.336666667
pge01,c,pgec01c2020,pge,2020,2017,none,0,4,0,2,6,5.541666667,1.863333333,5.976666667,3.336666667
pge01,d,pgec01d2020,pge,2020,2017,none,0,1,0,8,9,5.541666667,1.863333333,5.976666667,3.336666667
pge02,a,pgec02a2020,pge,2020,2017,none,0,0,0,0,0,5.541666667,1.863333333,5.976666667,3.336666667
pge02,b,pgec02b2020,pge,2020,2017,none,0,0,0,0,0,5.541666667,1.863333333,5.976666667,3.336666667
pge02,c,pgec02c2020,pge,2020,2017,none,0,0,0,0,0,5.541666667,1.863333333,5.976666667,3.336666667
pge02,d,pgec02d2020,pge,2020,2017,none,0,0,0,0,0,5.541666667,1.863333333,5.976666667,3.336666667
pge03,a,pgec03a2020,pge,2020,2017,none,0,0,0,0,0,5.541666667,1.863333333,5.976666667,3.336666667
pge03,b,pgec03b2020,pge,2020,2017,none,2,0,0,0,2,5.541666667,1.863333333,5.976666667,3.336666667
pge03,c,pgec03c2020,pge,2020,2017,none,0,0,0,0,0,5.541666667,1.863333333,5.976666667,3.336666667
pge03,d,pgec03d2020,pge,2020,2017,none,6,1,0,0,7,5.541666667,1.863333333,5.976666667,3.336666667
pge04,a,pgec04a2020,pge,2020,2017,none,0,0,0,0,0,5.541666667,1.863333333,5.976666667,3.336666667
pge04,b,pgec04b2020,pge,2020,2017,none,0,0,1,0,1,5.541666667,1.863333333,5.976666667,3.336666667
pge04,c,pgec04c2020,pge,2020,2017,none,0,0,0,0,0,5.541666667,1.863333333,5.976666667,3.336666667
pge04,d,pgec04d2020,pge,2020,2017,none,0,0,1,0,1,5.541666667,1.863333333,5.976666667,3.336666667
pge05,a,pgec05a2020,pge,2020,2017,none,0,0,0,0,0,5.541666667,1.863333333,5.976666667,3.336666667
pge05,b,pgec05b2020,pge,2020,2017,none,0,0,0,0,0,5.541666667,1.863333333,5.976666667,3.336666667
pge05,c,pgec05c2020,pge,2020,2017,none,0,0,1,1,2,5.541666667,1.863333333,5.976666667,3.336666667
pge05,d,pgec05d2020,pge,2020,2017,none,0,0,1,0,1,5.541666667,1.863333333,5.976666667,3.336666667
pge06,a,pgec06a2020,pge,2020,2017,none,0,0,0,10,10,5.541666667,1.863333333,5.976666667,3.336666667
pge06,b,pgec06b2020,pge,2020,2017,none,1,14,1,0,16,5.541666667,1.863333333,5.976666667,3.336666667
pge06,c,pgec06c2020,pge,2020,2017,none,0,0,0,0,0,5.541666667,1.863333333,5.976666667,3.336666667
pge06,d,pgec06d2020,pge,2020,2017,none,1,5,1,0,7,5.541666667,1.863333333,5.976666667,3.336666667
pge07,a,pgec07a2020,pge,2020,2017,none,0,0,2,0,2,5.541666667,1.863333333,5.976666667,3.336666667
pge07,b,pgec07b2020,pge,2020,2017,none,0,0,0,12,12,5.541666667,1.863333333,5.976666667,3.336666667
pge07,c,pgec07c2020,pge,2020,2017,none,0,0,0,0,0,5.541666667,1.863333333,5.976666667,3.336666667
pge07,d,pgec07d2020,pge,2020,2017,none,0,0,0,0,0,5.541666667,1.863333333,5.976666667,3.336666667
pge08,a,pgec08a2020,pge,2020,2017,none,0,0,0,10,10,5.541666667,1.863333333,5.976666667,3.336666667
pge08,b,pgec08b2020,pge,2020,2017,none,0,0,0,37,37,5.541666667,1.863333333,5.976666667,3.336666667
pge08,c,pgec08c2020,pge,2020,2017,none,0,0,2,2,4,5.541666667,1.863333333,5.976666667,3.336666667
pge08,d,pgec08d2020,pge,2020,2017,none,0,0,0,48,48,5.541666667,1.863333333,5.976666667,3.336666667
pge09,a,pgec09a2020,pge,2020,2017,none,1,0,4,0,5,5.541666667,1.863333333,5.976666667,3.336666667
pge09,b,pgec09b2020,pge,2020,2017,none,10,1,10,0,21,5.541666667,1.863333333,5.976666667,3.336666667
pge09,c,pgec09c2020,pge,2020,2017,none,5,2,5,0,12,5.541666667,1.863333333,5.976666667,3.336666667
pge09,d,pgec09d2020,pge,2020,2017,none,15,4,5,0,24,5.541666667,1.863333333,5.976666667,3.336666667
pge10,a,pgec10a2020,pge,2020,2017,none,0,3,0,0,3,5.541666667,1.863333333,5.976666667,3.336666667
pge10,b,pgec10b2020,pge,2020,2017,none,0,12,0,0,12,5.541666667,1.863333333,5.976666667,3.336666667
pge10,c,pgec10c2020,pge,2020,2017,none,0,13,0,0,13,5.541666667,1.863333333,5.976666667,3.336666667
pge10,d,pgec10d2020,pge,2020,2017,none,0,17,0,0,17,5.541666667,1.863333333,5.976666667,3.336666667
pgw01,a,pgw01a2020,pgw,2020,2017,rx,20,1,1,0,22,5.541666667,1.863333333,5.976666667,3.336666667
pgw01,b,pgw01b2020,pgw,2020,2017,rx,0,0,0,0,0,5.541666667,1.863333333,5.976666667,3.336666667
pgw01,c,pgw01c2020,pgw,2020,2017,rx,0,0,0,0,0,5.541666667,1.863333333,5.976666667,3.336666667
pgw01,d,pgw01d2020,pgw,2020,2017,rx,0,0,0,40,40,5.541666667,1.863333333,5.976666667,3.336666667
pgw02,a,pgw02a2020,pgw,2020,2017,rx,0,20,0,0,20,5.541666667,1.863333333,5.976666667,3.336666667
pgw02,b,pgw02b2020,pgw,2020,2017,rx,0,38,0,0,38,5.541666667,1.863333333,5.976666667,3.336666667
pgw02,c,pgw02c2020,pgw,2020,2017,rx,0,0,0,0,0,5.541666667,1.863333333,5.976666667,3.336666667
pgw02,d,pgw02d2020,pgw,2020,2017,rx,0,7,0,1,8,5.541666667,1.863333333,5.976666667,3.336666667
pgw03,a,pgw03a2020,pgw,2020,2017,rx,0,0,0,0,0,5.541666667,1.863333333,5.976666667,3.336666667
pgw03,b,pgw03b2020,pgw,2020,2017,rx,0,0,0,0,0,5.541666667,1.863333333,5.976666667,3.336666667
pgw03,c,pgw03c2020,pgw,2020,2017,rx,0,0,0,0,0,5.541666667,1.863333333,5.976666667,3.336666667
pgw03,d,pgw03d2020,pgw,2020,2017,rx,0,0,0,0,0,5.541666667,1.863333333,5.976666667,3.336666667
pgw04,a,pgw04a2020,pgw,2020,2017,rx,0,1,0,6,7,5.541666667,1.863333333,5.976666667,3.336666667
pgw04,b,pgw04b2020,pgw,2020,2017,rx,0,19,0,0,19,5.541666667,1.863333333,5.976666667,3.336666667
pgw04,c,pgw04c2020,pgw,2020,2017,rx,0,0,0,10,10,5.541666667,1.863333333,5.976666667,3.336666667
pgw04,d,pgw04d2020,pgw,2020,2017,rx,0,0,8,0,8,5.541666667,1.863333333,5.976666667,3.336666667
pgw05,a,pgw05a2020,pgw,2020,2017,rx,0,0,0,0,0,5.541666667,1.863333333,5.976666667,3.336666667
pgw05,b,pgw05b2020,pgw,2020,2017,rx,0,1,0,0,1,5.541666667,1.863333333,5.976666667,3.336666667
pgw05,c,pgw05c2020,pgw,2020,2017,rx,0,0,0,0,0,5.541666667,1.863333333,5.976666667,3.336666667
pgw05,d,pgw05d2020,pgw,2020,2017,rx,0,0,0,0,0,5.541666667,1.863333333,5.976666667,3.336666667
pgw06,a,pgw06a2020,pgw,2020,2017,rx,0,0,0,0,0,5.541666667,1.863333333,5.976666667,3.336666667
pgw06,b,pgw06b2020,pgw,2020,2017,rx,0,0,0,0,0,5.541666667,1.863333333,5.976666667,3.336666667
pgw06,c,pgw06c2020,pgw,2020,2017,rx,0,1,1,2,4,5.541666667,1.863333333,5.976666667,3.336666667
pgw06,d,pgw06d2020,pgw,2020,2017,rx,0,0,0,0,0,5.541666667,1.863333333,5.976666667,3.336666667
pgw07,a,pgw07a2020,pgw,2020,2017,rx,0,0,0,0,0,5.541666667,1.863333333,5.976666667,3.336666667
pgw07,b,pgw07b2020,pgw,2020,2017,rx,0,0,0,11,11,5.541666667,1.863333333,5.976666667,3.336666667
pgw07,c,pgw07c2020,pgw,2020,2017,rx,0,1,0,0,1,5.541666667,1.863333333,5.976666667,3.336666667
pgw07,d,pgw07d2020,pgw,2020,2017,rx,0,0,0,0,0,5.541666667,1.863333333,5.976666667,3.336666667
pgw08,a,pgw08a2020,pgw,2020,2017,rx,0,0,0,0,0,5.541666667,1.863333333,5.976666667,3.336666667
pgw08,b,pgw08b2020,pgw,2020,2017,rx,0,0,0,44,44,5.541666667,1.863333333,5.976666667,3.336666667
pgw08,c,pgw08c2020,pgw,2020,2017,rx,0,0,0,0,0,5.541666667,1.863333333,5.976666667,3.336666667
pgw08,d,pgw08d2020,pgw,2020,2017,rx,0,0,0,34,34,5.541666667,1.863333333,5.976666667,3.336666667
pgw09,a,pgw09a2020,pgw,2020,2017,rx,0,0,0,0,0,5.541666667,1.863333333,5.976666667,3.336666667
pgw09,b,pgw09b2020,pgw,2020,2017,rx,0,0,0,16,16,5.541666667,1.863333333,5.976666667,3.336666667
pgw09,c,pgw09c2020,pgw,2020,2017,rx,0,0,0,0,0,5.541666667,1.863333333,5.976666667,3.336666667
pgw09,d,pgw09d2020,pgw,2020,2017,rx,0,0,0,0,0,5.541666667,1.863333333,5.976666667,3.336666667
pgw10,a,pgw10a2020,pgw,2020,2017,rx,10,0,0,10,20,5.541666667,1.863333333,5.976666667,3.336666667
pgw10,b,pgw10b2020,pgw,2020,2017,rx,0,0,0,51,51,5.541666667,1.863333333,5.976666667,3.336666667
pgw10,c,pgw10c2020,pgw,2020,2017,rx,0,0,0,1,1,5.541666667,1.863333333,5.976666667,3.336666667
pgw10,d,pgw10d2020,pgw,2020,2017,rx,0,0,0,56,56,5.541666667,1.863333333,5.976666667,3.336666667
pgw01,a,pgwc01a2020,pgw,2020,2017,none,0,0,0,0,0,5.541666667,1.863333333,5.976666667,3.336666667
pgw01,b,pgwc01b2020,pgw,2020,2017,none,0,0,0,0,0,5.541666667,1.863333333,5.976666667,3.336666667
pgw01,c,pgwc01c2020,pgw,2020,2017,none,0,0,0,15,15,5.541666667,1.863333333,5.976666667,3.336666667
pgw01,d,pgwc01d2020,pgw,2020,2017,none,0,0,0,44,44,5.541666667,1.863333333,5.976666667,3.336666667
pgw02,a,pgwc02a2020,pgw,2020,2017,none,0,0,0,0,0,5.541666667,1.863333333,5.976666667,3.336666667
pgw02,b,pgwc02b2020,pgw,2020,2017,none,0,0,0,0,0,5.541666667,1.863333333,5.976666667,3.336666667
pgw02,c,pgwc02c2020,pgw,2020,2017,none,0,0,0,0,0,5.541666667,1.863333333,5.976666667,3.336666667
pgw02,d,pgwc02d2020,pgw,2020,2017,none,0,0,0,0,0,5.541666667,1.863333333,5.976666667,3.336666667
pgw03,a,pgwc03a2020,pgw,2020,2017,none,0,0,0,1,1,5.541666667,1.863333333,5.976666667,3.336666667
pgw03,b,pgwc03b2020,pgw,2020,2017,none,0,0,0,1,1,5.541666667,1.863333333,5.976666667,3.336666667
pgw03,c,pgwc03c2020,pgw,2020,2017,none,0,6,6,6,18,5.541666667,1.863333333,5.976666667,3.336666667
pgw03,d,pgwc03d2020,pgw,2020,2017,none,0,0,0,27,27,5.541666667,1.863333333,5.976666667,3.336666667
pgw04,a,pgwc04a2020,pgw,2020,2017,none,0,0,0,2,2,5.541666667,1.863333333,5.976666667,3.336666667
pgw04,b,pgwc04b2020,pgw,2020,2017,none,0,0,0,3,3,5.541666667,1.863333333,5.976666667,3.336666667
pgw04,c,pgwc04c2020,pgw,2020,2017,none,0,0,0,1,1,5.541666667,1.863333333,5.976666667,3.336666667
pgw04,d,pgwc04d2020,pgw,2020,2017,none,0,0,0,19,19,5.541666667,1.863333333,5.976666667,3.336666667
pgw05,a,pgwc05a2020,pgw,2020,2017,none,1,0,1,0,2,5.541666667,1.863333333,5.976666667,3.336666667
pgw05,b,pgwc05b2020,pgw,2020,2017,none,0,0,0,36,36,5.541666667,1.863333333,5.976666667,3.336666667
pgw05,c,pgwc05c2020,pgw,2020,2017,none,0,0,0,2,2,5.541666667,1.863333333,5.976666667,3.336666667
pgw05,d,pgwc05d2020,pgw,2020,2017,none,0,0,0,20,20,5.541666667,1.863333333,5.976666667,3.336666667
pgw06,a,pgwc06a2020,pgw,2020,2017,none,0,0,0,0,0,5.541666667,1.863333333,5.976666667,3.336666667
pgw06,b,pgwc06b2020,pgw,2020,2017,none,0,0,0,1,1,5.541666667,1.863333333,5.976666667,3.336666667
pgw06,c,pgwc06c2020,pgw,2020,2017,none,0,0,0,0,0,5.541666667,1.863333333,5.976666667,3.336666667
pgw06,d,pgwc06d2020,pgw,2020,2017,none,9,0,0,0,9,5.541666667,1.863333333,5.976666667,3.336666667
pgw07,a,pgwc07a2020,pgw,2020,2017,none,0,0,0,0,0,5.541666667,1.863333333,5.976666667,3.336666667
pgw07,b,pgwc07b2020,pgw,2020,2017,none,0,0,0,0,0,5.541666667,1.863333333,5.976666667,3.336666667
pgw07,c,pgwc07c2020,pgw,2020,2017,none,0,0,0,0,0,5.541666667,1.863333333,5.976666667,3.336666667
pgw07,d,pgwc07d2020,pgw,2020,2017,none,0,0,0,0,0,5.541666667,1.863333333,5.976666667,3.336666667
pgw08,a,pgwc08a2020,pgw,2020,2017,none,0,0,0,0,0,5.541666667,1.863333333,5.976666667,3.336666667
pgw08,b,pgwc08b2020,pgw,2020,2017,none,0,0,0,0,0,5.541666667,1.863333333,5.976666667,3.336666667
pgw08,c,pgwc08c2020,pgw,2020,2017,none,0,0,0,0,0,5.541666667,1.863333333,5.976666667,3.336666667
pgw08,d,pgwc08d2020,pgw,2020,2017,none,0,0,0,0,0,5.541666667,1.863333333,5.976666667,3.336666667
pgw09,a,pgwc09a2020,pgw,2020,2017,none,0,0,0,0,0,5.541666667,1.863333333,5.976666667,3.336666667
pgw09,b,pgwc09b2020,pgw,2020,2017,none,0,0,0,0,0,5.541666667,1.863333333,5.976666667,3.336666667
pgw09,c,pgwc09c2020,pgw,2020,2017,none,0,0,0,0,0,5.541666667,1.863333333,5.976666667,3.336666667
pgw09,d,pgwc09d2020,pgw,2020,2017,none,0,0,0,2,2,5.541666667,1.863333333,5.976666667,3.336666667
pgw10,a,pgwc10a2020,pgw,2020,2017,none,0,0,0,0,0,5.541666667,1.863333333,5.976666667,3.336666667
pgw10,b,pgwc10b2020,pgw,2020,2017,none,0,0,0,4,4,5.541666667,1.863333333,5.976666667,3.336666667
pgw10,c,pgwc10c2020,pgw,2020,2017,none,0,0,0,0,0,5.541666667,1.863333333,5.976666667,3.336666667
pgw10,d,pgwc10d2020,pgw,2020,2017,none,0,0,0,0,0,5.541666667,1.863333333,5.976666667,3.336666667
rc01,a,rcb01a2020,rc,2020,2017/2012,rx/wild,0,2,2,0,4,5.541666667,1.863333333,5.976666667,3.336666667
rc01,b,rcb01b2020,rc,2020,2017/2012,rx/wild,0,0,0,4,4,5.541666667,1.863333333,5.976666667,3.336666667
rc01,c,rcb01c2020,rc,2020,2017/2012,rx/wild,0,3,1,0,4,5.541666667,1.863333333,5.976666667,3.336666667
rc01,d,rcb01d2020,rc,2020,2017/2012,rx/wild,0,0,0,11,11,5.541666667,1.863333333,5.976666667,3.336666667
rc02,a,rcb02a2020,rc,2020,2017/2012,rx/wild,,,,,0,5.541666667,1.863333333,5.976666667,3.336666667
rc02,b,rcb02b2020,rc,2020,2017/2012,rx/wild,,,,,0,5.541666667,1.863333333,5.976666667,3.336666667
rc02,c,rcb02c2020,rc,2020,2017/2012,rx/wild,,,,,0,5.541666667,1.863333333,5.976666667,3.336666667
rc02,d,rcb02d2020,rc,2020,2017/2012,rx/wild,,,,,0,5.541666667,1.863333333,5.976666667,3.336666667
rc3,a,rcb3a2020,rc,2020,2017/2012,rx/wild,0,0,1,0,1,5.541666667,1.863333333,5.976666667,3.336666667
rc3,b,rcb3b2020,rc,2020,2017/2012,rx/wild,0,0,0,1,1,5.541666667,1.863333333,5.976666667,3.336666667
rc3,c,rcb3c2020,rc,2020,2017/2012,rx/wild,0,10,10,0,20,5.541666667,1.863333333,5.976666667,3.336666667
rc3,d,rcb3d2020,rc,2020,2017/2012,rx/wild,0,0,0,19,19,5.541666667,1.863333333,5.976666667,3.336666667
rc04,a,rcb04a2020,rc,2020,2017/2012,rx/wild,0,0,0,0,0,5.541666667,1.863333333,5.976666667,3.336666667
rc04,b,rcb04b2020,rc,2020,2017/2012,rx/wild,0,0,0,23,23,5.541666667,1.863333333,5.976666667,3.336666667
rc04,c,rcb04c2020,rc,2020,2017/2012,rx/wild,0,0,4,0,4,5.541666667,1.863333333,5.976666667,3.336666667
rc04,d,rcb04d2020,rc,2020,2017/2012,rx/wild,0,0,0,0,0,5.541666667,1.863333333,5.976666667,3.336666667
rc05,a,rcb05a2020,rc,2020,2017/2012,rx/wild,0,0,0,0,0,5.541666667,1.863333333,5.976666667,3.336666667
rc05,b,rcb05b2020,rc,2020,2017/2012,rx/wild,0,0,0,21,21,5.541666667,1.863333333,5.976666667,3.336666667
rc05,c,rcb05c2020,rc,2020,2017/2012,rx/wild,0,0,0,0,0,5.541666667,1.863333333,5.976666667,3.336666667
rc05,d,rcb05d2020,rc,2020,2017/2012,rx/wild,0,0,5,0,5,5.541666667,1.863333333,5.976666667,3.336666667
rc06,a,rcb06a2020,rc,2020,2017/2012,rx/wild,0,2,2,0,4,5.541666667,1.863333333,5.976666667,3.336666667
rc06,b,rcb06b2020,rc,2020,2017/2012,rx/wild,0,0,0,45,45,5.541666667,1.863333333,5.976666667,3.336666667
rc06,c,rcb06c2020,rc,2020,2017/2012,rx/wild,0,0,0,0,0,5.541666667,1.863333333,5.976666667,3.336666667
rc06,d,rcb06d2020,rc,2020,2017/2012,rx/wild,0,0,0,55,55,5.541666667,1.863333333,5.976666667,3.336666667
rc07,a,rcb07a2020,rc,2020,2017/2012,rx/wild,0,0,0,0,0,5.541666667,1.863333333,5.976666667,3.336666667
rc07,b,rcb07b2020,rc,2020,2017/2012,rx/wild,0,0,0,4,4,5.541666667,1.863333333,5.976666667,3.336666667
rc07,c,rcb07c2020,rc,2020,2017/2012,rx/wild,0,1,1,12,14,5.541666667,1.863333333,5.976666667,3.336666667
rc07,d,rcb07d2020,rc,2020,2017/2012,rx/wild,0,0,0,5,5,5.541666667,1.863333333,5.976666667,3.336666667
rc08,a,rcb08a2020,rc,2020,2017/2012,rx/wild,0,0,2,5,7,5.541666667,1.863333333,5.976666667,3.336666667
rc08,b,rcb08b2020,rc,2020,2017/2012,rx/wild,0,0,0,11,11,5.541666667,1.863333333,5.976666667,3.336666667
rc08,c,rcb08c2020,rc,2020,2017/2012,rx/wild,0,0,1,2,3,5.541666667,1.863333333,5.976666667,3.336666667
rc08,d,rcb08d2020,rc,2020,2017/2012,rx/wild,0,0,0,43,43,5.541666667,1.863333333,5.976666667,3.336666667
rc09,a,rcb09a2020,rc,2020,2017/2012,rx/wild,0,0,0,1,1,5.541666667,1.863333333,5.976666667,3.336666667
rc09,b,rcb09b2020,rc,2020,2017/2012,rx/wild,0,0,0,14,14,5.541666667,1.863333333,5.976666667,3.336666667
rc09,c,rcb09c2020,rc,2020,2017/2012,rx/wild,0,1,1,1,3,5.541666667,1.863333333,5.976666667,3.336666667
rc09,d,rcb09d2020,rc,2020,2017/2012,rx/wild,0,0,0,0,0,5.541666667,1.863333333,5.976666667,3.336666667
rc10,a,rcb10a2020,rc,2020,2017/2012,rx/wild,0,0,0,0,0,5.541666667,1.863333333,5.976666667,3.336666667
rc10,b,rcb10b2020,rc,2020,2017/2012,rx/wild,0,0,0,19,19,5.541666667,1.863333333,5.976666667,3.336666667
rc10,c,rcb10c2020,rc,2020,2017/2012,rx/wild,0,0,0,1,1,5.541666667,1.863333333,5.976666667,3.336666667
rc10,d,rcb10d2020,rc,2020,2017/2012,rx/wild,0,0,0,17,17,5.541666667,1.863333333,5.976666667,3.336666667
rc01,a,rcc01a2020,rc,2020,2017/2012,none,0,0,2,0,2,5.541666667,1.863333333,5.976666667,3.336666667
rc01,b,rcc01b2020,rc,2020,2017/2012,none,0,0,0,0,0,5.541666667,1.863333333,5.976666667,3.336666667
rc01,c,rcc01c2020,rc,2020,2017/2012,none,0,0,0,0,0,5.541666667,1.863333333,5.976666667,3.336666667
rc01,d,rcc01d2020,rc,2020,2017/2012,none,0,0,0,0,0,5.541666667,1.863333333,5.976666667,3.336666667
rc02,a,rcc02a2020,rc,2020,2017/2012,none,,,,,0,5.541666667,1.863333333,5.976666667,3.336666667
rc02,b,rcc02b2020,rc,2020,2017/2012,none,,,,,0,5.541666667,1.863333333,5.976666667,3.336666667
rc02,c,rcc02c2020,rc,2020,2017/2012,none,,,,,0,5.541666667,1.863333333,5.976666667,3.336666667
rc02,d,rcc02d2020,rc,2020,2017/2012,none,,,,,0,5.541666667,1.863333333,5.976666667,3.336666667
rc03,a,rcc03a2020,rc,2020,2017/2012,none,,,,,0,5.541666667,1.863333333,5.976666667,3.336666667
rc03,b,rcc03b2020,rc,2020,2017/2012,none,,,,,0,5.541666667,1.863333333,5.976666667,3.336666667
rc03,c,rcc03c2020,rc,2020,2017/2012,none,,,,,0,5.541666667,1.863333333,5.976666667,3.336666667
rc03,d,rcc03d2020,rc,2020,2017/2012,none,,,,,0,5.541666667,1.863333333,5.976666667,3.336666667
rc04,a,rcc04a2020,rc,2020,2017/2012,none,0,0,0,0,0,5.541666667,1.863333333,5.976666667,3.336666667
rc04,b,rcc04b2020,rc,2020,2017/2012,none,0,0,0,1,1,5.541666667,1.863333333,5.976666667,3.336666667
rc04,c,rcc04c2020,rc,2020,2017/2012,none,0,0,0,0,0,5.541666667,1.863333333,5.976666667,3.336666667
rc04,d,rcc04d2020,rc,2020,2017/2012,none,0,0,0,0,0,5.541666667,1.863333333,5.976666667,3.336666667
rc05,a,rcc05a2020,rc,2020,2017/2012,none,0,0,0,0,0,5.541666667,1.863333333,5.976666667,3.336666667
rc05,b,rcc05b2020,rc,2020,2017/2012,none,0,0,0,1,1,5.541666667,1.863333333,5.976666667,3.336666667
rc05,c,rcc05c2020,rc,2020,2017/2012,none,0,0,0,0,0,5.541666667,1.863333333,5.976666667,3.336666667
rc05,d,rcc05d2020,rc,2020,2017/2012,none,0,0,0,0,0,5.541666667,1.863333333,5.976666667,3.336666667
rc06,a,rcc06a2020,rc,2020,2017/2012,none,0,0,0,0,0,5.541666667,1.863333333,5.976666667,3.336666667
rc06,b,rcc06b2020,rc,2020,2017/2012,none,0,0,0,15,15,5.541666667,1.863333333,5.976666667,3.336666667
rc06,c,rcc06c2020,rc,2020,2017/2012,none,0,0,0,0,0,5.541666667,1.863333333,5.976666667,3.336666667
rc06,d,rcc06d2020,rc,2020,2017/2012,none,0,0,0,0,0,5.541666667,1.863333333,5.976666667,3.336666667
rc07,a,rcc07a2020,rc,2020,2017/2012,none,0,0,0,0,0,5.541666667,1.863333333,5.976666667,3.336666667
rc07,b,rcc07b2020,rc,2020,2017/2012,none,0,0,0,0,0,5.541666667,1.863333333,5.976666667,3.336666667
rc07,c,rcc07c2020,rc,2020,2017/2012,none,0,0,0,0,0,5.541666667,1.863333333,5.976666667,3.336666667
rc07,d,rcc07d2020,rc,2020,2017/2012,none,0,0,0,0,0,5.541666667,1.863333333,5.976666667,3.336666667
rc08,a,rcc08a2020,rc,2020,2017/2012,none,0,0,0,0,0,5.541666667,1.863333333,5.976666667,3.336666667
rc08,b,rcc08b2020,rc,2020,2017/2012,none,0,0,0,1,1,5.541666667,1.863333333,5.976666667,3.336666667
rc08,c,rcc08c2020,rc,2020,2017/2012,none,0,0,0,0,0,5.541666667,1.863333333,5.976666667,3.336666667
rc08,d,rcc08d2020,rc,2020,2017/2012,none,0,0,0,0,0,5.541666667,1.863333333,5.976666667,3.336666667
rc09,a,rcc09a2020,rc,2020,2017/2012,none,0,0,0,0,0,5.541666667,1.863333333,5.976666667,3.336666667
rc09,b,rcc09b2020,rc,2020,2017/2012,none,0,0,0,1,1,5.541666667,1.863333333,5.976666667,3.336666667
rc09,c,rcc09c2020,rc,2020,2017/2012,none,0,0,0,0,0,5.541666667,1.863333333,5.976666667,3.336666667
rc09,d,rcc09d2020,rc,2020,2017/2012,none,0,0,0,0,0,5.541666667,1.863333333,5.976666667,3.336666667
rc10,a,rcc10a2020,rc,2020,2017/2012,none,0,0,0,0,0,5.541666667,1.863333333,5.976666667,3.336666667
rc10,b,rcc10b2020,rc,2020,2017/2012,none,0,0,0,0,0,5.541666667,1.863333333,5.976666667,3.336666667
rc10,c,rcc10c2020,rc,2020,2017/2012,none,0,0,0,0,0,5.541666667,1.863333333,5.976666667,3.336666667
rc10,d,rcc10d2020,rc,2020,2017/2012,none,0,0,0,14,14,5.541666667,1.863333333,5.976666667,3.336666667
pge10,c,pgeb10c2020,pge,2020,2017,rx,44,8,44,0,96,5.541666667,1.863333333,5.976666667,3.336666667
pge10,b,pgeb10b2020,pge,2020,2017,rx,0,5,29,0,34,5.541666667,1.863333333,5.976666667,3.336666667
pge10,a,pgeb10a2020,pge,2020,2017,rx,10,1,2,0,13,5.541666667,1.863333333,5.976666667,3.336666667
pge10,d,pgeb10d2020,pge,2020,2017,rx,6,1,1,0,8,5.541666667,1.863333333,5.976666667,3.336666667
pge09,b,pgeb09b2020,pge,2020,2017,rx,18,4,2,0,24,5.541666667,1.863333333,5.976666667,3.336666667
pge09,d,pgeb09d2020,pge,2020,2017,rx,25,0,5,0,30,5.541666667,1.863333333,5.976666667,3.336666667
pge08,b,pgeb08b2020,pge,2020,2017,rx,0,2,2,0,4,5.541666667,1.863333333,5.976666667,3.336666667
pge08,d,pgeb08d2020,pge,2020,2017,rx,0,0,0,75,75,5.541666667,1.863333333,5.976666667,3.336666667
pge09,a,pgeb09a2020,pge,2020,2017,rx,30,4,10,0,44,5.541666667,1.863333333,5.976666667,3.336666667
pegb09,c,pegb09c2020,pge,2020,2017,rx,50,0,5,0,55,5.541666667,1.863333333,5.976666667,3.336666667
pge08,a,pgeb08a2020,pge,2020,2017,rx,0,6,25,10,41,5.541666667,1.863333333,5.976666667,3.336666667
pge08,c,pgeb08c2020,pge,2020,2017,rx,0,30,24,10,64,5.541666667,1.863333333,5.976666667,3.336666667
pge07,a,pgeb07a2020,pge,2020,2017,rx,0,0,2,0,2,5.541666667,1.863333333,5.976666667,3.336666667
pge07,c,pgeb07c2020,pge,2020,2017,rx,0,2,10,5,17,5.541666667,1.863333333,5.976666667,3.336666667
pge07,b,pgeb07b2020,pge,2020,2017,rx,0,0,0,68,68,5.541666667,1.863333333,5.976666667,3.336666667
pge07,d,pgeb07d2020,pge,2020,2017,rx,0,0,0,32,32,5.541666667,1.863333333,5.976666667,3.336666667
pge06,a,pgeb06a2020,pge,2020,2017,rx,0,10,0,0,10,5.541666667,1.863333333,5.976666667,3.336666667
pge06,c,pgeb06c2020,pge,2020,2017,rx,0,4,0,0,4,5.541666667,1.863333333,5.976666667,3.336666667
pge05,a,pgeb05a2020,pge,2020,2017,rx,0,0,2,30,32,5.541666667,1.863333333,5.976666667,3.336666667
pge05,c,pgeb05c2020,pge,2020,2017,rx,0,0,0,0,0,5.541666667,1.863333333,5.976666667,3.336666667
pge04,a,pgeb04a2020,pge,2020,2017,rx,0,2,2,2,6,5.541666667,1.863333333,5.976666667,3.336666667
pge04,c,pgeb04c2020,pge,2020,2017,rx,0,0,0,0,0,5.541666667,1.863333333,5.976666667,3.336666667
pge03,a,pgeb03a2020,pge,2020,2017,rx,0,0,0,0,0,5.541666667,1.863333333,5.976666667,3.336666667
pge03,c,pgeb03c2020,pge,2020,2017,rx,0,0,0,0,0,5.541666667,1.863333333,5.976666667,3.336666667
pge02,a,pgeb02a2020,pge,2020,2017,rx,0,0,0,6,6,5.541666667,1.863333333,5.976666667,3.336666667
pge02,c,pgeb02c2020,pge,2020,2017,rx,0,0,0,5,5,5.541666667,1.863333333,5.976666667,3.336666667
pge01,a,pgeb01a2020,pge,2020,2017,rx,0,2,0,0,2,5.541666667,1.863333333,5.976666667,3.336666667
pge01,c,pgeb01c2020,pge,2020,2017,rx,0,0,0,0,0,5.541666667,1.863333333,5.976666667,3.336666667
pge06,b,pgeb06b2020,pge,2020,2017,rx,0,1,1,0,2,5.541666667,1.863333333,5.976666667,3.336666667
pge06,d,pgeb06d2020,pge,2020,2017,rx,9,2,2,0,13,5.541666667,1.863333333,5.976666667,3.336666667
pge05,b,pgeb05b2020,pge,2020,2017,rx,0,0,0,8,8,5.541666667,1.863333333,5.976666667,3.336666667
pge05,d,pgeb05d2020,pge,2020,2017,rx,0,0,0,88,88,5.541666667,1.863333333,5.976666667,3.336666667
pge04,b,pgeb04b2020,pge,2020,2017,rx,1,0,1,0,2,5.541666667,1.863333333,5.976666667,3.336666667
pge04,d,pgeb04d2020,pge,2020,2017,rx,0,0,2,6,8,5.541666667,1.863333333,5.976666667,3.336666667
pge03,b,pgeb03b2020,pge,2020,2017,rx,0,0,0,0,0,5.541666667,1.863333333,5.976666667,3.336666667
pge03,d,pgeb03d2020,pge,2020,2017,rx,0,33,0,0,33,5.541666667,1.863333333,5.976666667,3.336666667
pge02,b,pgeb02b2020,pge,2020,2017,rx,0,0,0,0,0,5.541666667,1.863333333,5.976666667,3.336666667
pge02,d,pgeb02d2020,pge,2020,2017,rx,2,0,0,0,2,5.541666667,1.863333333,5.976666667,3.336666667
pge01,b,pgeb01b2020,pge,2020,2017,rx,0,9,0,0,9,5.541666667,1.863333333,5.976666667,3.336666667
pge01,d,pgeb01d2020,pge,2020,2017,rx,0,16,0,0,16,5.541666667,1.863333333,5.976666667,3.336666667
